EMPLOYEE_CODE,FIRST_NAME,MIDDLE_NAME,LAST_NAME,DATE_OF_JOINING,EMAIL_ADDRESS,JOB_TITLE,EMPLOYEE_LEGAL_ENTITY_CODE,ACTIVE,CREATED_BY,CREATION_DATE,LAST_UPDATED_BY,LAST_UPDATE_DATE,COUNTRY,NATIONALITY,GENDER,MOBILENO
55113845,Md,Nahim Islam,Md,01-05-2019,55113845@americana-food.com,Guest Expert,055,Y,SYSTEM,28-12-2023,SYSTEM,07-06-2024,SA,Bangladeshi,Male,
55113847,Mohammad,Shafikul Islam,Sikder,01-05-2019,55113847@americana-food.com,Team Member - Commissary,055,Y,SYSTEM,03-10-2023,SYSTEM,07-06-2024,SA,Bangladeshi,Male,
55113849,Md,Selim,Ahmed,01-05-2019,sakk19146@americana-food.com,Shift Supervisor,055,Y,SYSTEM,03-10-2023,SYSTEM,20-12-2024,SA,Bangladeshi,Male,
55113850,Alamin,,Najim,01-05-2019,55113850@americana-food.com,Team Member - Commissary,055,Y,SYSTEM,03-10-2023,SYSTEM,30-10-2024,SA,Bangladeshi,Male,
55113851,Md,Jashim Uddin,Sheikh,01-05-2019,55113851@americana-food.com,Guest Expert,055,Y,SYSTEM,04-07-2023,SYSTEM,07-06-2024,SA,Bangladeshi,Male,
55113852,Mohammad,,Saidul,01-05-2019,55113852@americana-food.com,Guest Expert,055,Y,SYSTEM,03-10-2023,SYSTEM,07-06-2024,SA,Bangladeshi,Male,
55113853,Tanvir,Ahmed,Soykot,01-05-2019,sakk19141@americana-food.com,Guest Expert,055,Y,SYSTEM,28-12-2023,SYSTEM,20-12-2024,SA,Bangladeshi,Male,
55113854,Mohammad,Shahidul,Islam,01-05-2019,55113854@americana-food.com,Team Member - Commissary,055,Y,SYSTEM,03-10-2023,SYSTEM,17-05-2024,SA,Bangladeshi,Male,
55113858,Md,Tarif Reza,Khan,15-05-2019,55113858@americana-food.com,Kitchen Expert,055,N,SYSTEM,03-10-2023,SYSTEM,30-09-2024,SA,Indian,Male,
55113865,Ganesh,Sarkar Gopal,Sarkar,08-05-2019,55113865@americana-food.com,Shift Supervisor,055,N,SYSTEM,03-10-2023,SYSTEM,14-11-2024,SA,Indian,Male,
55113874,Mohd,Sharukhmohd,Saleem,08-05-2019,55113874@americana-food.com,Shift Supervisor,055,N,SYSTEM,28-12-2023,SYSTEM,14-11-2024,SA,Indian,Male,
55113881,Shanaullha,,Ashadullha,14-05-2019,55113881@americana-food.com,Kitchen Expert,055,Y,SYSTEM,04-07-2023,SYSTEM,07-06-2024,SA,Bangladeshi,Male,
55113883,Shoaib,Akther,Shaikh,14-05-2019,55113883@americana-food.com,Shift Supervisor,055,N,SYSTEM,04-07-2023,SYSTEM,14-11-2024,SA,Indian,Male,
55113884,Alamin,Ali Azzam,Bayan,19-05-2019,55113884@americana-food.com,Guest Expert,055,Y,SYSTEM,03-10-2023,SYSTEM,23-10-2024,SA,Bangladeshi,Male,
55113885,Mohammad,Uzzal Md Jiti,Miah,19-05-2019,55113885@americana-food.com,Guest Expert,055,Y,SYSTEM,03-10-2023,SYSTEM,23-10-2024,SA,Bangladeshi,Male,
55113886,Md,Fahim Md Tota,Miah,19-05-2019,55113886@americana-food.com,Guest Expert,055,Y,SYSTEM,03-10-2023,SYSTEM,23-10-2024,SA,Bangladeshi,Male,
55113887,Shimul,,Miah,19-05-2019,55113887@americana-food.com,Guest Expert,055,N,SYSTEM,03-10-2023,SYSTEM,14-10-2024,SA,Bangladeshi,Male,
55113888,Nahid,Mia Md Mouktar,Houssain,19-05-2019,55113888@americana-food.com,Guest Expert,055,Y,SYSTEM,04-07-2023,SYSTEM,23-10-2024,SA,Bangladeshi,Male,
55113889,Kothar,Miah Nour,Alislam,19-05-2019,55113889@americana-food.com,Guest Expert,055,Y,SYSTEM,03-10-2023,SYSTEM,08-12-2024,SA,Bangladeshi,Male,
55113910,Mohamaad,Rasel Mondal,Alnour,27-05-2019,55113910@americana-food.com,Kitchen Expert,055,Y,SYSTEM,03-10-2023,SYSTEM,27-11-2024,SA,Bangladeshi,Male,
55113911,Mohammad,,Alamin,27-05-2019,55113911@americana-food.com,Kitchen Expert,055,Y,SYSTEM,03-10-2023,SYSTEM,17-05-2024,SA,Bangladeshi,Male,
55113912,Mohammad,Hridoy Mohammad,Sadek,27-05-2019,55113912@americana-food.com,Kitchen Expert,055,N,SYSTEM,03-10-2023,SYSTEM,02-10-2023,SA,Bangladeshi,Male,
55113915,Tanvir,Mostak Mostak,Ahmad,27-05-2019,55113915@americana-food.com,Kitchen Expert,055,Y,SYSTEM,03-10-2023,SYSTEM,07-06-2024,SA,Bangladeshi,Male,
55113916,Abobaker,Siddik,Md,27-05-2019,55113916@americana-food.com,Guest Expert,055,Y,SYSTEM,04-07-2023,SYSTEM,07-06-2024,SA,Bangladeshi,Male,
55113918,Mosharaf,Houssain Md,Rifikul,27-05-2019,55113918@americana-food.com,Guest Expert,055,Y,SYSTEM,03-10-2023,SYSTEM,07-06-2024,SA,Bangladeshi,Male,
55113922,Naeem,Mohammad,Khaleel,25-05-2019,55113922@americana-food.com,Kitchen Expert,055,Y,SYSTEM,03-10-2023,SYSTEM,26-08-2024,SA,Indian,Male,
55113923,Mohammad,Humayu,Farukbeg,16-05-2019,55113923@americana-food.com,Kitchen Expert,055,Y,SYSTEM,03-10-2023,SYSTEM,07-06-2024,SA,Indian,Male,
17568,Joseph,Anora,Logrosa,07-02-2012,aetgi18718@americana-food.com,Restaurant General Manager,001,Y,SYSTEM,03-10-2023,SYSTEM,20-12-2024,AE,Filipino,Male,
17574,Mohamed,Kumail,Mohamed,07-02-2012,17574@americana-food.com,Motorcycle Driver With Company Bike,001,Y,SYSTEM,03-10-2023,SYSTEM,07-06-2024,AE,Sri Lankan,Male,
17575,Resham,Lal,Paudel,14-02-2012,17575@americana-food.com,Team Member - Commissary,001,Y,SYSTEM,03-10-2023,SYSTEM,07-06-2024,AE,Nepalese,Male,
17578,Ragab,Saadeldin,Abdalla,11-02-2012,17578@americana-food.com,Motorcycle Driver With Company Bike,001,Y,SYSTEM,28-12-2023,SYSTEM,07-06-2024,AE,Egyptian,Male,
17587,Ahmed,Yehia Zakaria Ahmed,Kandil,12-02-2012,ayehia@americana-food.com,Financial Planning & Analysis - Assistant Manager,001,Y,SYSTEM,28-12-2023,SYSTEM,20-12-2024,AE,Egyptian,Male,
17589,Mohammad,,Mohshin,13-02-2012,17589@americana-food.com,Shift Supervisor,001,Y,SYSTEM,28-12-2023,SYSTEM,07-06-2024,AE,Bangladeshi,Male,
17598,Saiful,,Isalm,13-02-2012,17598@americana-food.com,Motorcycle Driver With Company Bike,001,Y,SYSTEM,03-10-2023,SYSTEM,07-06-2024,AE,Bangladeshi,Male,
17599,Anower,,Hossen,13-02-2012,17599@americana-food.com,Team Member - Commissary,001,Y,SYSTEM,28-12-2023,SYSTEM,07-06-2024,AE,Bangladeshi,Male,
17601,Delwar,,Hossain,13-02-2012,17601@americana-food.com,Shift Supervisor,001,N,SYSTEM,03-10-2023,SYSTEM,02-10-2023,AE,Bangladeshi,Male,
17602,Abdul,,Gofur,13-02-2012,aekfc12813@americana-food.com,Restaurant General Manager,001,Y,SYSTEM,03-10-2023,SYSTEM,20-12-2024,AE,Bangladeshi,Male,
1761,Alaaeldin,Elsaid Abdelhamid,Elbasyouny,12-02-1994,abassiouny@americana-food.com,Employee Services Section Head,001,Y,SYSTEM,03-10-2023,SYSTEM,20-12-2024,AE,Egyptian,Male,
17614,Mohammad,,Rasel,13-02-2012,17614@americana-food.com,Assistant Restaurant Manager,001,Y,SYSTEM,04-07-2023,SYSTEM,07-06-2024,AE,Bangladeshi,Male,
17618,Md,,Rasel,13-02-2012,17618@americana-food.com,Kitchen Expert,001,Y,SYSTEM,03-10-2023,SYSTEM,07-06-2024,AE,Bangladeshi,Male,
17634,Mashud,Alam Md,Mohi,22-02-2012,17634@americana-food.com,Kitchen Expert,001,Y,SYSTEM,03-10-2023,SYSTEM,19-08-2024,AE,Bangladeshi,Male,
17635,Md Rezaul,,Karim,22-02-2012,17635@americana-food.com,Motorcycle Driver With Company Bike,001,Y,SYSTEM,03-10-2023,SYSTEM,07-06-2024,AE,Bangladeshi,Male,
17636,Mohammed,Ahasan Ullah,Molavi,22-02-2012,17636@americana-food.com,Car Driver With Company Car,001,N,SYSTEM,03-10-2023,SYSTEM,02-10-2023,AE,Bangladeshi,Male,
17638,Md. Iqbal,,Hossain,22-02-2012,17638@americana-food.com,Motorcycle Driver With Company Bike,001,Y,SYSTEM,03-10-2023,SYSTEM,07-06-2024,AE,Bangladeshi,Male,
17639,Md. Monir,,Hosain,22-02-2012,aepht16726@americana-food.com,Restaurant General Manager,001,Y,SYSTEM,03-10-2023,SYSTEM,20-12-2024,AE,Bangladeshi,Male,
17641,Md. Sharif,,Ahmed,22-02-2012,17641@americana-food.com,Motorcycle Driver With Company Bike,001,Y,SYSTEM,03-10-2023,SYSTEM,07-06-2024,AE,Bangladeshi,Male,
17643,Md Sahadat Hossain,,Faroq,22-02-2012,17643@americana-food.com,Car Driver With Company Car,001,Y,SYSTEM,,SYSTEM,19-01-2024,AE,Bangladeshi,Male,
17645,Mohammed,Sohel Rana,Kamal,22-02-2012,17645@americana-food.com,Motorcycle Driver With Company Bike,001,Y,SYSTEM,03-10-2023,SYSTEM,07-06-2024,AE,Bangladeshi,Male,
17647,Md,,Sahabuddin,22-02-2012,17647@americana-food.com,Motorcycle Driver With Company Bike,001,Y,SYSTEM,03-10-2023,SYSTEM,07-06-2024,AE,Bangladeshi,Male,
17653,Md Abdullah Al,,Noor,26-02-2012,17653@americana-food.com,Motorcycle Driver With Company Bike,001,Y,SYSTEM,03-10-2023,SYSTEM,07-06-2024,AE,Bangladeshi,Male,
17667,Mahmoud,Ali,Mahmoud,06-03-2012,am_17667@americana-food.com,Assistant Restaurant Manager,001,Y,SYSTEM,03-10-2023,SYSTEM,20-12-2024,AE,Egyptian,Male,
17671,Mohamed,Salman,Gamal,06-03-2012,aehrd14757@americana-food.com,Restaurant General Manager,001,Y,SYSTEM,03-10-2023,SYSTEM,20-12-2024,AE,Egyptian,Male,
17684,Manielyn,Punzalan,Magnaye,07-03-2012,aepht16812@americana-food.com,Restaurant General Manager,001,Y,SYSTEM,03-10-2023,SYSTEM,20-12-2024,AE,Filipino,Female,
17690,Afzal,,Ahammed,07-03-2012,17690@americana-food.com,Motorcycle Driver With Company Bike,001,Y,SYSTEM,03-10-2023,SYSTEM,22-06-2024,AE,Bangladeshi,Male,
37037844,Sameh,Abdelnaby,Aboelhadid Shazly,23-10-2005,37037844@americana-food.com,Motorcycle Driver With Company Bike,037,Y,SYSTEM,03-10-2023,SYSTEM,15-04-2024,EG,Egyptian,Male,
37037883,Mohamed,Talaat,Hussein Mohamed Eltuni,29-10-2005,mtouny@americana-food.com,Assistant Legal Manager,037,N,SYSTEM,,SYSTEM,20-12-2024,EG,Egyptian,Male,
37037897,Hossameldin,Nader,Mohamed Mostafa,30-10-2005,37037897@americana-food.com,Assistant Restaurant Manager,037,Y,SYSTEM,03-10-2023,SYSTEM,06-04-2024,EG,Egyptian,Male,
37037940,Amr,Ragab,Ibrahim Anani,09-11-2005,37037940@americana-food.com,Technician,037,Y,SYSTEM,27-12-2023,SYSTEM,06-04-2024,EG,Egyptian,Male,
37037979,Amr,Elsayed,Fathallah Omran,12-11-2005,asomran@americana-food.com,Assistant Manager Talent Acquisition,037,Y,SYSTEM,03-10-2023,SYSTEM,20-12-2024,EG,Egyptian,Male,
37037985,Hebattallah,Taha,Abdallah Tahaa,12-11-2005,37037985@americana-food.com,Call Center Agent Call Offs,037,Y,SYSTEM,03-10-2023,SYSTEM,06-04-2024,EG,Egyptian,Female,
37037997,Mohsen,Hussein,Ismail Abdelhamid,14-11-2005,37037997@americana-food.com,Hospitality Staff,037,Y,SYSTEM,03-10-2023,SYSTEM,27-11-2024,EG,Egyptian,Male,
37038050,Mahmoud,Tawfek,Nomani Rashdan,21-11-2005,37038050@americana-food.com,Motorcycle Driver With Company Bike,037,Y,SYSTEM,03-10-2023,SYSTEM,13-06-2024,EG,Egyptian,Male,
37038082,Mohamed,Abdelfattah,Mohamed Mohamed,21-11-2005,37038082,Shift Supervisor,037,N,SYSTEM,03-10-2023,SYSTEM,22-11-2024,EG,Egyptian,Male,
37038136,Mohamed,Sayed,Abdelgawad Eid,23-11-2005,37038136@americana-food.com,Dispatcher,037,Y,SYSTEM,03-10-2023,SYSTEM,06-04-2024,EG,Egyptian,Male,
37038202,Ahmed,Farhan,Abdelgawad Farhan,28-11-2005,37038202@americana-food.com,Shift Supervisor,037,Y,SYSTEM,03-10-2023,SYSTEM,06-04-2024,EG,Egyptian,Male,
37038216,Walaa,Zenhoum,Ahmed Komssan,29-11-2005,egkfc12866@americana-food.com,Restaurant General Manager,037,Y,SYSTEM,,SYSTEM,20-12-2024,EG,Egyptian,Female,
37038258,Khames,Fares,Mohamed Mohamed,01-12-2005,37038258@americana-food.com,Team Member,037,Y,SYSTEM,03-10-2023,SYSTEM,06-04-2024,EG,Egyptian,Male,
37038264,Moustafa,Adel,Yahya Yahya,01-12-2005,egpht14797@americana-food.com,Assistant Restaurant Manager,037,Y,SYSTEM,03-10-2023,SYSTEM,20-12-2024,EG,Egyptian,Male,
37038269,Mohamed,Abada,Badawy Badawy,01-12-2005,37038269@americana-food.com,Motorcycle Driver With Company Bike,037,Y,SYSTEM,03-10-2023,SYSTEM,03-10-2024,EG,Egyptian,Male,
37038284,Hany,Mohamed,Ibrahim Radwan,03-12-2005,37038284@americana-food.com,Motorcycle Driver With Company Bike,037,Y,SYSTEM,03-10-2023,SYSTEM,20-09-2024,EG,Egyptian,Male,
37038285,Abdo,Saeed,Abdo Hassan,03-12-2005,egpht14713@americana-food.com,Assistant Restaurant Manager,037,Y,SYSTEM,03-10-2023,SYSTEM,20-12-2024,EG,Egyptian,Male,
37038300,Tamer,Atta,Ismail Youssef,03-12-2005,37038300@americana-food.com,Line Cook,037,Y,SYSTEM,03-10-2023,SYSTEM,06-04-2024,EG,Egyptian,Male,
37038330,Khalefa,Ramadan,Ali Khalil,04-12-2005,am_37038330@americana-food.com,Shift Supervisor,037,Y,SYSTEM,03-10-2023,SYSTEM,20-12-2024,EG,Egyptian,Male,
37038350,Ghoneim,Mohamed,Ghoneim Sweilem,04-12-2005,37038350@americana-food.com,Team Member,037,Y,SYSTEM,03-10-2023,SYSTEM,06-04-2024,EG,Egyptian,Male,
37038396,Mahmoud,Ali,Mahmoud Ahmed,06-12-2005,37038396@americana-food.com,Shift Supervisor,037,Y,SYSTEM,,SYSTEM,06-04-2024,EG,Egyptian,Male,
37038411,Ahmed,Abdelrahman,Ahmed Hassan,06-12-2005,37038411@americana-food.com,Assistant Restaurant Manager,037,Y,SYSTEM,03-10-2023,SYSTEM,06-04-2024,EG,Egyptian,Male,
37038416,Noha,Kamal,Azmy Gadallah,07-12-2005,37038416@americana-food.com,Team Member,037,Y,SYSTEM,03-10-2023,SYSTEM,18-11-2024,EG,Egyptian,Female,
37038457,Yasser,Adel,Fathy Abdelmaqsoud,08-12-2005,eghrd50807@americana-food.com,Restaurant General Manager,037,Y,SYSTEM,03-10-2023,SYSTEM,20-12-2024,EG,Egyptian,Male,
37038475,Ali,Abdelrazek,Sadeq Ali,09-12-2005,37038475@americana-food.com,Team Member,037,Y,SYSTEM,03-10-2023,SYSTEM,06-04-2024,EG,Egyptian,Male,
37038476,Mahmoud,Barakat,Mahmoud Elbarouny,09-12-2005,37038476,Motorcycle Driver With Company Bike,037,N,SYSTEM,03-10-2023,SYSTEM,06-04-2024,EG,Egyptian,Male,
37038517,Mohamed,Sayed,Salam Ibrahim,10-12-2005,egkfc12611@americana-food.com,Restaurant General Manager,037,Y,SYSTEM,03-10-2023,SYSTEM,20-12-2024,EG,Egyptian,Male,
37038518,Ahmed,Saeed,Hussein Ahmed,10-12-2005,egpht14704@americana-food.com,Restaurant General Manager,037,Y,SYSTEM,03-10-2023,SYSTEM,20-12-2024,EG,Egyptian,Male,
37036765,Ahmed,Hassan,Ahmed Ahmed,30-07-2005,egpht14916@americana-food.com,Restaurant General Manager,037,Y,SYSTEM,,SYSTEM,20-12-2024,EG,Egyptian,Male,
37036798,Ali,Ramadan,Ahmed Rifai,01-08-2005,37036798@americana-food.com,Motorcycle Driver With Company Bike,037,Y,SYSTEM,03-10-2023,SYSTEM,06-04-2024,EG,Egyptian,Male,
37036799,Mohamed,Sobhy,Mohsab Hassan,01-08-2005,egcosta60723@americana-food.com,Restaurant General Manager,037,Y,SYSTEM,03-10-2023,SYSTEM,20-12-2024,EG,Egyptian,Male,
37036800,Mohamed,Mounir,Abdelkader Abdellatif,01-08-2005,mmonier@americana-food.com,IT Team Lead,037,Y,SYSTEM,03-10-2023,SYSTEM,20-12-2024,EG,Egyptian,Male,
37036880,Mohamed,Fathi,Abdelaal Abdelfattah,05-08-2005,37036880@americana-food.com,Team Member,037,Y,SYSTEM,03-10-2023,SYSTEM,06-04-2024,EG,Egyptian,Male,
37036890,Mahmoud,Mohamed,Rashad Taha,06-08-2005,37036890@americana-food.com,Assistant Restaurant Manager,037,Y,SYSTEM,,SYSTEM,06-04-2024,EG,Egyptian,Male,
37037012,Khaled,Mohammed,Elsayed Mohammed,15-08-2005,egkfc12951@americana-food.com,Restaurant General Manager,037,Y,SYSTEM,03-10-2023,SYSTEM,20-12-2024,EG,Egyptian,Male,
37037013,Hany,Helmy,Mohamed Barakat Hegab,15-08-2005,37037013@americana-food.com,Assistant Restaurant Manager,037,Y,SYSTEM,03-10-2023,SYSTEM,06-04-2024,EG,Egyptian,Male,
37037094,Ahmed,Ahmed,Mohamed Abdelhamid,22-08-2005,ahameed@americana-food.com,Human Resources Senior Associate,037,Y,SYSTEM,04-07-2023,SYSTEM,20-12-2024,EG,Egyptian,Male,
37037109,Moustafa,Mahmoud,Abdelmajeed Abotahoun,23-08-2005,am_37037109@americana-food.com,Assistant Restaurant Manager,037,Y,SYSTEM,,SYSTEM,20-12-2024,EG,Egyptian,Male,
37037190,Mohamed,Mohamed,Elsayed Mustafa,31-08-2005,37037190@americana-food.com,Dispatcher,037,Y,SYSTEM,28-12-2023,SYSTEM,06-04-2024,EG,Egyptian,Male,
37037212,Mohamed,Mahmoud,Ahmed Essa,31-08-2005,37037212@americana-food.com,Assistant Restaurant Manager,037,Y,SYSTEM,02-10-2022,SYSTEM,10-06-2024,EG,Egyptian,Male,
37037269,Mohamed,Hassan,Mahgoub Soliman,05-09-2005,eghrd50783@americana-food.com,Restaurant General Manager,037,Y,SYSTEM,03-10-2023,SYSTEM,20-12-2024,EG,Egyptian,Male,
37037348,Sharif,Mohamed,Hassaballah Amen,10-09-2005,37037348@americana-food.com,Motorcycle Driver With Company Bike,037,Y,SYSTEM,11-09-2023,SYSTEM,06-04-2024,EG,Egyptian,Male,
37037424,Mohamed,Elsayed,Mohamed Hoballah,18-09-2005,eghrd50780@americana-food.com,Restaurant General Manager,037,Y,SYSTEM,03-10-2023,SYSTEM,20-12-2024,EG,Egyptian,Male,
37037437,Omar,Abdelhamid,Abdelmawla Ali,21-09-2005,37037437@americana-food.com,Shift Supervisor,037,Y,SYSTEM,04-07-2023,SYSTEM,06-04-2024,EG,Egyptian,Male,
37037472,Saad,Fayez,Sayed Metwally,21-09-2005,37037472@americana-food.com,Shift Supervisor,037,Y,SYSTEM,03-10-2023,SYSTEM,15-04-2024,EG,Egyptian,Male,
37037483,Mohamed,Abdelsalam,Ahmed Farag,21-09-2005,egkfc12719@americana-food.com,Restaurant General Manager,037,Y,SYSTEM,02-10-2022,SYSTEM,20-12-2024,EG,Egyptian,Male,
37037522,Mohamed,Sobhy,Mohamed Owais,24-09-2005,37037522@americana-food.com,Shift Supervisor,037,Y,SYSTEM,03-10-2023,SYSTEM,16-10-2024,EG,Egyptian,Male,
37037632,Saeed,Salaheldin,Mohamed Ahmed,02-10-2005,37037632@americana-food.com,Labor - Commissary,037,Y,SYSTEM,03-10-2023,SYSTEM,13-08-2024,EG,Egyptian,Male,
37037634,Mohamed,Rabie,Mohamed Morsi,02-10-2005,37037634@americana-food.com,Technician,037,Y,SYSTEM,04-07-2023,SYSTEM,06-04-2024,EG,Egyptian,Male,
37037636,Sherif,Mamdouh,Moustafa Mahmoud,02-10-2005,37037636@americana-food.com,Shift Supervisor,037,Y,SYSTEM,,SYSTEM,06-04-2024,EG,Egyptian,Male,
37037695,Mohamed,Khattab,Mohamed Elsharnouby,08-10-2005,37037695@americana-food.com,Kitchen Manager,037,Y,SYSTEM,04-07-2023,SYSTEM,06-04-2024,EG,Egyptian,Male,
37037700,Wessam,Elsayed,Abdelmoaty Hassanein,09-10-2005,37037700@americana-food.com,Cashier,037,Y,SYSTEM,03-10-2023,SYSTEM,06-04-2024,EG,Egyptian,Female,
37037796,Maher,Mohamed,Moussa Mohamed Salam,21-10-2005,37037796@americana-food.com,Assistant Restaurant Manager,037,Y,SYSTEM,03-10-2023,SYSTEM,06-04-2024,EG,Egyptian,Male,
37037822,Dalal,Ahmad,Al-Najjar Muhammad,22-10-2005,dal-najjar@americana-food.com,Restaurant General Manager,037,N,SYSTEM,28-12-2023,SYSTEM,20-12-2024,EG,Egyptian,Female,
37025186,Ashraf,Shehata,Elsayed Mohamed,02-10-2002,37025186@americana-food.com,Team Member,037,Y,SYSTEM,04-07-2023,SYSTEM,06-04-2024,EG,Egyptian,Male,
37025228,Nasrallah,Hamed,Hafalesh Hafeez,07-10-2002,37025228@americana-food.com,Security Guard,037,Y,SYSTEM,04-07-2023,SYSTEM,22-09-2024,EG,Egyptian,Male,
37025254,Mohamed,Ali,Moustafa Darweesh,13-10-2002,37025254@americana-food.com,Shift Supervisor,037,Y,SYSTEM,05-07-2023,SYSTEM,10-12-2024,EG,Egyptian,Male,
37025285,Emad,Masoud,Abdelmaqsoud,16-10-2002,37025285@americana-food.com,Motorcycle Driver With Company Bike,037,Y,SYSTEM,28-12-2023,SYSTEM,18-12-2024,EG,Egyptian,Male,
37025457,Mohamed,Sayed,Ahmed Ahmed,30-10-2002,37025457@americana-food.com,Assistant Restaurant Manager,037,Y,SYSTEM,03-10-2023,SYSTEM,20-05-2024,EG,Egyptian,Male,
37025515,Saleh,Abdelrahman,Soliman Eldehlab,03-11-2002,37025515@americana-food.com,Assistant Chef,037,Y,SYSTEM,03-10-2023,SYSTEM,06-04-2024,EG,Egyptian,Male,
37025583,Mohamed,Elsherbiny,Elsherbiny Elsaeed,06-11-2002,37025583@americana-food.com,Security Guard,037,Y,SYSTEM,02-10-2022,SYSTEM,22-09-2024,EG,Egyptian,Male,
37025622,Haitham,Mohamed,Abdelaleem Ismail,13-11-2002,37025622@americana-food.com,Waiter/ess,037,Y,SYSTEM,03-10-2023,SYSTEM,06-04-2024,EG,Egyptian,Male,
37025776,Atef,Mohamed,Abdelhalim Abotalib,05-12-2002,37025776@americana-food.com,Shift Supervisor,037,Y,SYSTEM,04-07-2023,SYSTEM,14-10-2024,EG,Egyptian,Male,
37025778,Moustafa,Elsayed,Mohamed Aboelfotouh,09-12-2002,egpht14783@americana-food.com,Restaurant General Manager,037,Y,SYSTEM,02-10-2022,SYSTEM,20-12-2024,EG,Egyptian,Male,
37025874,Tamer,Hamdy,Mohamed Mostafa,21-12-2002,37025874@americana-food.com,Assistant Restaurant Manager,037,Y,SYSTEM,04-07-2023,SYSTEM,06-04-2024,EG,Egyptian,Male,
37025884,Emad,Fawzy,Zaky Tanious,21-12-2002,efzaki@americana-food.com,Area Manager,037,Y,SYSTEM,03-10-2023,SYSTEM,20-12-2024,EG,Egyptian,Male,
37025931,Reda,Abdelaziz,Aboelmagd Ibrahim,21-12-2002,37025931@americana-food.com,Team Member,037,Y,SYSTEM,02-10-2022,SYSTEM,06-04-2024,EG,Egyptian,Male,
37025940,Mostafa,Mohamed,Abdelmageed Zahran,22-12-2002,37025940@americana-food.com,Shift Supervisor,037,Y,SYSTEM,03-10-2023,SYSTEM,15-04-2024,EG,Egyptian,Male,
37026071,Mohamed,Samir,Mohamed Ahmed,28-12-2002,37026071@americana-food.com,Shift Supervisor,037,Y,SYSTEM,03-10-2023,SYSTEM,19-11-2024,EG,Egyptian,Male,
37026087,Nabil,Samir,Abdelhadi Mostafa,29-12-2002,egkfc12504@americana-food.com,Restaurant General Manager,037,Y,SYSTEM,04-07-2023,SYSTEM,20-12-2024,EG,Egyptian,Male,
37026128,Andre,Edward,Zaki Yassien,01-01-2003,37026128@americana-food.com,Special Need,037,Y,SYSTEM,03-10-2023,SYSTEM,18-12-2024,EG,Egyptian,Male,
37026186,Youssef,Mahmoud,Helmy Marey,05-01-2003,egkfc12873@americana-food.com,Restaurant General Manager,037,Y,SYSTEM,04-10-2023,SYSTEM,20-12-2024,EG,Egyptian,Male,
37026190,Ahmed,Abdelhamid,Ahmed Elrashidy,05-01-2003,37026190@americana-food.com,Shift Supervisor,037,Y,SYSTEM,05-10-2023,SYSTEM,06-04-2024,EG,Egyptian,Male,
37026191,Ahmed,Abdelazim,Mohamed Youssef,05-01-2003,egpht14821@americana-food.com,Restaurant General Manager,037,Y,SYSTEM,06-10-2023,SYSTEM,20-12-2024,EG,Egyptian,Male,
37026193,Hussein,Megahid,Rizk Mohamed,05-01-2003,egkfc12868@americana-food.com,Restaurant General Manager,037,Y,SYSTEM,03-10-2023,SYSTEM,20-12-2024,EG,Egyptian,Male,
37026214,Nazeeh,Abdelwahhab,Abdellatif Ali,12-01-2003,37026214@americana-food.com,Shift Supervisor,037,Y,SYSTEM,03-10-2023,SYSTEM,22-07-2024,EG,Egyptian,Male,
37026319,Ahmed,Hamdy,Elsayed Elsayed,21-01-2003,eghrd50741@americana-food.com,Assistant Restaurant Manager,037,Y,SYSTEM,03-10-2023,SYSTEM,20-12-2024,EG,Egyptian,Male,
37026400,Ahmed,Fawzy,Abdelgawad Elsayed,26-01-2003,eghrd50810@americana-food.com,Restaurant General Manager,037,Y,SYSTEM,03-10-2023,SYSTEM,20-12-2024,EG,Egyptian,Male,
37026455,Tamer,Abdelazim,Darwish Emam,01-02-2003,tdarwish@americana-food.com,Chain Manager,037,Y,SYSTEM,03-10-2023,SYSTEM,20-12-2024,EG,Egyptian,Male,
37066199,Shaaban,Hussein,Ali Mohamed,30-05-2009,37066199@americana-food.com,Call Center Agent,037,Y,SYSTEM,03-10-2023,SYSTEM,06-04-2024,EG,Egyptian,Male,
37066254,Sayed,Badran,Ahmed Atallah,31-05-2009,37066254@americana-food.com,Assistant Restaurant Manager,037,Y,SYSTEM,03-10-2023,SYSTEM,13-11-2024,EG,Egyptian,Male,
37066283,Moustafa,Mahmoud,Mahfouz Massad,01-06-2009,37066283@americana-food.com,Motorcycle Driver With Company Bike,037,Y,SYSTEM,31-10-2024,SYSTEM,06-04-2024,EG,Egyptian,Male,
37066290,Amr,Moustafa,Ibrahim Ali,01-06-2009,amali@americana-food.com,Senior Accountant,037,Y,SYSTEM,31-10-2024,SYSTEM,20-12-2024,EG,Egyptian,Male,
37066307,Mohamed,Adel,Mendouh Mohamed,01-06-2009,mamandoh@americana-food.com,Operating Coordinator QC,037,Y,SYSTEM,03-10-2023,SYSTEM,20-12-2024,EG,Egyptian,Male,
37066349,Mohamed,Masoud,Refay Abdelgalel,03-06-2009,37066349@americana-food.com,Team Member,037,Y,SYSTEM,03-10-2023,SYSTEM,13-06-2024,EG,Egyptian,Male,
37066536,Mamdouh,Ahmed,Atef Hassan,09-06-2009,37066536@americana-food.com,Motorcycle Driver With Company Bike,037,Y,SYSTEM,03-10-2023,SYSTEM,06-04-2024,EG,Egyptian,Male,
37066547,Mohamed,Hussein,Abdelaal Abdelghani,09-06-2009,37066547@americana-food.com,Motorcycle Driver With Company Bike,037,Y,SYSTEM,03-10-2023,SYSTEM,06-04-2024,EG,Egyptian,Male,
37066640,Mohamed,Hussein,Jaber Mohamed,13-06-2009,37066640@americana-food.com,Motorcycle Driver With Company Bike,037,Y,SYSTEM,03-10-2023,SYSTEM,19-11-2024,EG,Egyptian,Male,
37066641,Mahmoud,Saad,Abdelhadi Abdelgawad,13-06-2009,egkfc12805@americana-food.com,Restaurant General Manager,037,Y,SYSTEM,03-10-2023,SYSTEM,20-12-2024,EG,Egyptian,Male,
37066648,Alaa,Ashraf,Mohamed Mohamed Zahran,13-06-2009,37066648@americana-food.com,Motorcycle Driver With Company Bike,037,Y,SYSTEM,03-10-2023,SYSTEM,18-12-2024,EG,Egyptian,Male,
37066668,Saber,Abdelshafi,Elsagheer Mostafa,13-06-2009,37066668@americana-food.com,Cashier,037,Y,SYSTEM,03-10-2023,SYSTEM,13-06-2024,EG,Egyptian,Male,
37066678,Nader,Abdallah,Issa Brek Abogomaa,13-06-2009,37066678@americana-food.com,Dispatcher,037,Y,SYSTEM,03-10-2023,SYSTEM,06-04-2024,EG,Egyptian,Male,
37066697,Saeed,Hassan,Ghareeb Hassan,14-06-2009,37066697@americana-food.com,Dispatcher,037,Y,SYSTEM,03-10-2023,SYSTEM,06-06-2024,EG,Egyptian,Male,
37066759,Mohamed,Ahmed,Mohamed Hanafy,15-06-2009,mmhanafy@americana-food.com,Call Center Coordinator,037,Y,SYSTEM,,SYSTEM,20-12-2024,EG,Egyptian,Male,
37066943,Karim,Saber,Ali Mohamed,21-06-2009,37066943@americana-food.com,Motorcycle Driver With Company Bike,037,Y,SYSTEM,28-12-2023,SYSTEM,06-11-2024,EG,Egyptian,Male,
37066968,Mohamed,Ahmed,Moustafa Ahmed,21-06-2009,37066968@americana-food.com,Motorcycle Driver With Company Bike,037,Y,SYSTEM,28-12-2023,SYSTEM,06-04-2024,EG,Egyptian,Male,
37067067,Ahmed,Mohamed,Fekry Ali,24-06-2009,37067067@americana-food.com,Waiter/ess,037,Y,SYSTEM,28-12-2023,SYSTEM,06-04-2024,EG,Egyptian,Male,
37067181,Yasser,Hussein,Mohamed Dean,29-06-2009,37067181@americana-food.com,Motorcycle Driver With Company Bike,037,Y,SYSTEM,28-12-2023,SYSTEM,06-04-2024,EG,Egyptian,Male,
37067226,Ahmed,Hamdy,Mahrous Awadallah,30-06-2009,37067226@americana-food.com,Shift Supervisor,037,Y,SYSTEM,28-12-2023,SYSTEM,18-12-2024,EG,Egyptian,Male,
37067270,Waleed,Mohamed,Gamaleldin Mustafa,01-07-2009,37067270@americana-food.com,Shift Supervisor,037,Y,SYSTEM,28-12-2023,SYSTEM,06-04-2024,EG,Egyptian,Male,
37067298,Badawy,Hussein,Abdelbaqy,04-07-2009,37067298@americana-food.com,Motorcycle Driver With Company Bike,037,Y,SYSTEM,28-12-2023,SYSTEM,21-09-2024,EG,Egyptian,Male,
37067341,Sherif,Edward,Habib Farah Attia,04-07-2009,37067341@americana-food.com,Shift Supervisor,037,Y,SYSTEM,28-12-2023,SYSTEM,18-11-2024,EG,Egyptian,Male,
37067381,Ali,Hussein,Aborehab Soliman,06-07-2009,37067381@americana-food.com,Shift Supervisor,037,Y,SYSTEM,28-12-2023,SYSTEM,19-08-2024,EG,Egyptian,Male,
11028912,Manveer,Palwinder Singh,Kaur,20-08-2023,11028912@americana-food.com,Team Member,011,Y,SYSTEM,28-12-2023,SYSTEM,18-10-2024,KW,Indian,Female,
11028913,Pabi Maya,,Rai,01-09-2023,11028913@americana-food.com,Team Member,011,Y,SYSTEM,28-12-2023,SYSTEM,28-07-2024,KW,Bhutanese,Female,
11028915,Dawa,,Zam,01-09-2023,11028915@americana-food.com,Team Member,011,Y,SYSTEM,28-12-2023,SYSTEM,07-06-2024,KW,Bhutanese,Female,
11028916,Gaki,,Lhamo,01-09-2023,11028916@americana-food.com,Team Member,011,Y,SYSTEM,,SYSTEM,18-12-2024,KW,Bhutanese,Female,
11028917,Pema,,Yuden,01-09-2023,11028917@americana-food.com,Waiter/ess,011,Y,SYSTEM,28-12-2023,SYSTEM,17-10-2024,KW,Bhutanese,Female,
11028918,Parmila,,Gurung,01-09-2023,11028918@americana-food.com,Team Member,011,Y,SYSTEM,28-12-2023,SYSTEM,07-06-2024,KW,Bhutanese,Female,
11028919,Dema,,Yangchen,01-09-2023,11028919@americana-food.com,Waiter/ess,011,Y,SYSTEM,28-12-2023,SYSTEM,17-10-2024,KW,Bhutanese,Female,
11028920,Chandra Maya,,Chettri,01-09-2023,11028920@americana-food.com,Waiter/ess,011,Y,SYSTEM,,SYSTEM,18-12-2024,KW,Bhutanese,Female,
11028921,Chening,,Lhamo,01-09-2023,11028921@americana-food.com,Team Member,011,Y,SYSTEM,28-12-2023,SYSTEM,15-07-2024,KW,Bhutanese,Female,
11028922,Khandu,,Om,01-09-2023,11028922@americana-food.com,Waiter/ess,011,Y,SYSTEM,,SYSTEM,17-10-2024,KW,Bhutanese,Female,
11028923,Kuenzang,,Yalmoo,01-09-2023,11028923@americana-food.com,Team Member,011,Y,SYSTEM,28-12-2023,SYSTEM,07-06-2024,KW,Bhutanese,Female,
11028924,Pem,Lhamo,Bal,03-09-2023,11028924@americana-food.com,Waiter/ess,011,Y,SYSTEM,28-12-2023,SYSTEM,17-10-2024,KW,Bhutanese,Female,
11028925,Pramu,Devi,Waiba,03-09-2023,11028925@americana-food.com,Host/ess,011,Y,SYSTEM,,SYSTEM,18-09-2024,KW,Bhutanese,Female,
11028926,Rekha,,Ghalley,03-09-2023,11028926@americana-food.com,Team Member,011,Y,SYSTEM,,SYSTEM,22-07-2024,KW,Bhutanese,Female,
11028927,Sonam,,Peldon,06-09-2023,11028927@americana-food.com,Team Member,011,Y,SYSTEM,28-12-2023,SYSTEM,21-10-2024,KW,Bhutanese,Female,
11028928,Tshering,,Yangden,03-09-2023,11028928@americana-food.com,Waiter/ess,011,Y,SYSTEM,,SYSTEM,17-10-2024,KW,Bhutanese,Female,
11028929,Sonam,,Lhadon,03-09-2023,11028929@americana-food.com,Team Member,011,Y,SYSTEM,28-12-2023,SYSTEM,14-10-2024,KW,Bhutanese,Female,
11028930,Tshering,,Choden,03-09-2023,11028930@americana-food.com,Team Member,011,Y,SYSTEM,28-12-2023,SYSTEM,07-06-2024,KW,Bhutanese,Female,
11028931,Tenzin,,Dema,03-09-2023,11028931@americana-food.com,Team Member,011,Y,SYSTEM,28-12-2023,SYSTEM,10-12-2024,KW,Bhutanese,Female,
11028932,Ugyen,,Tshomo,03-09-2023,11028932@americana-food.com,Team Member,011,Y,SYSTEM,29-12-2023,SYSTEM,03-10-2024,KW,Bhutanese,Female,
11028933,Tshering,,Yuden,03-09-2023,11028933@americana-food.com,Waiter/ess,011,Y,SYSTEM,30-12-2023,SYSTEM,17-10-2024,KW,Bhutanese,Female,
11028934,Ugyen,,Tshomo,03-09-2023,11028934@americana-food.com,Bartender,011,Y,SYSTEM,31-12-2023,SYSTEM,17-10-2024,KW,Bhutanese,Female,
11028935,Anisha,,Yalmoo,21-08-2023,11028935@americana-food.com,Team Member,011,Y,SYSTEM,01-01-2024,SYSTEM,07-06-2024,KW,Nepalese,Female,
11028936,Jina,,Rana,21-08-2023,11028936@americana-food.com,Team Member,011,Y,SYSTEM,02-01-2024,SYSTEM,07-06-2024,KW,Nepalese,Female,
11028937,Mina Kumari,,Bhattarai Niroula,21-08-2023,11028937@americana-food.com,Team Member,011,Y,SYSTEM,03-01-2024,SYSTEM,05-12-2024,KW,Nepalese,Female,
11028938,Ramila,,Tamang,21-08-2023,11028938@americana-food.com,Team Member,011,Y,SYSTEM,04-01-2024,SYSTEM,07-06-2024,KW,Nepalese,Female,
11028940,Samikshya Shrestha,,Sharma,21-08-2023,am_11028940@americana-food.com,Team Member,011,Y,SYSTEM,05-01-2024,SYSTEM,20-12-2024,KW,Nepalese,Female,
11028941,Asmabi,Bashir Ahmed,Dasgir Parkewale,31-08-2023,11028941@americana-food.com,Team Member,011,Y,SYSTEM,06-01-2024,SYSTEM,26-11-2024,KW,Indian,Female,
11028911,Joyce Njambi,,Mbogo,26-08-2023,11028911@americana-food.com,Team Member,011,Y,SYSTEM,07-01-2024,SYSTEM,07-06-2024,KW,Kenyan,Female,
11028943,Gulzar,Abdul,Shaikh,31-08-2023,11028943@americana-food.com,Team Member,011,Y,SYSTEM,04-07-2023,SYSTEM,22-11-2024,KW,Indian,Female,
55116822,Golam,Nabi Idmah Ahmmad,Sekh,08-01-2022,55116822@americana-food.com,Kitchen Expert,055,Y,SYSTEM,05-07-2023,SYSTEM,06-04-2024,SA,Indian,Male,
55116823,Mohammad,Sareraz Mohammad,Tajuddr,08-01-2022,55116823@americana-food.com,Kitchen Expert,055,Y,SYSTEM,06-07-2023,SYSTEM,06-04-2024,SA,Indian,Male,
55116824,Ram,Das,Sarjun,08-01-2022,55116824@americana-food.com,Kitchen Expert,055,Y,SYSTEM,07-07-2023,SYSTEM,15-07-2024,SA,Indian,Male,
55116826,Bhim,Bahadur,Pariyar,17-01-2022,55116826@americana-food.com,Kitchen Expert,055,N,SYSTEM,08-07-2023,SYSTEM,02-10-2023,SA,Nepalese,Male,
55116827,Parsuram,,Thapa,17-01-2022,55116827@americana-food.com,Kitchen Expert,055,N,SYSTEM,09-07-2023,SYSTEM,02-10-2023,SA,Nepalese,Male,
55116828,Suraj,Bishw,Akrma,17-01-2022,55116828@americana-food.com,Kitchen Expert,055,N,SYSTEM,10-07-2023,SYSTEM,02-10-2023,SA,Nepalese,Male,
55116829,Som,Bahadur,Syangtan,17-01-2022,55116829@americana-food.com,Kitchen Expert,055,N,SYSTEM,11-07-2023,SYSTEM,02-10-2023,SA,Nepalese,Male,
55116831,Gyanendra,,Parajuli,17-01-2022,55116831@americana-food.com,Kitchen Expert,055,N,SYSTEM,12-07-2023,SYSTEM,02-10-2023,SA,Nepalese,Male,
55116833,Ram,Ghandra,Thapa,17-01-2022,55116833@americana-food.com,Kitchen Expert,055,N,SYSTEM,13-07-2023,SYSTEM,02-10-2023,SA,Nepalese,Male,
55116834,Bikram,Raj,Poudel,17-01-2022,55116834@americana-food.com,Kitchen Expert,055,Y,SYSTEM,14-07-2023,SYSTEM,06-04-2024,SA,Nepalese,Male,
55116836,Samir,Abdulsalam,Bhati,20-01-2022,55116836@americana-food.com,Kitchen Expert,055,Y,SYSTEM,15-07-2023,SYSTEM,02-10-2024,SA,Indian,Male,
55116837,Anil,,Khudang,20-01-2022,55116837@americana-food.com,Kitchen Expert,055,N,SYSTEM,16-07-2023,SYSTEM,02-10-2023,SA,Nepalese,Male,
55116847,Hafizul,Ali Hossain,Sk,28-12-2021,55116847@americana-food.com,Kitchen Expert,055,Y,SYSTEM,17-07-2023,SYSTEM,18-05-2024,SA,Indian,Male,
55116851,Nar,Singh,Roka,02-01-2022,55116851@americana-food.com,Kitchen Expert,055,Y,SYSTEM,18-07-2023,SYSTEM,14-11-2024,SA,Nepalese,Male,
55116854,Raju,,Dankoti,09-01-2022,55116854@americana-food.com,Kitchen Expert,055,Y,SYSTEM,19-07-2023,SYSTEM,17-05-2024,SA,Nepalese,Male,
55116856,Ramjatan,,Yadav,17-01-2022,55116856@americana-food.com,Kitchen Expert,055,N,SYSTEM,20-07-2023,SYSTEM,02-10-2023,SA,Nepalese,Male,
55116858,Rom,Bahadur,Sunar,04-01-2022,55116858@americana-food.com,Kitchen Expert,055,Y,SYSTEM,21-07-2023,SYSTEM,31-01-2024,SA,Nepalese,Male,
55116859,Santa,Bahadur,Bandari,17-01-2022,55116859@americana-food.com,Kitchen Expert,055,N,SYSTEM,22-07-2023,SYSTEM,02-10-2023,SA,Nepalese,Male,
55116862,Pasang,,Tamang,06-01-2022,55116862@americana-food.com,Kitchen Expert,055,N,SYSTEM,23-07-2023,SYSTEM,02-10-2023,SA,Nepalese,Male,
55020436,Raineef,Naduthody,Naduthody,09-03-2015,55020436@americana-food.com,Car Driver With Company Car,055,N,SYSTEM,24-07-2023,SYSTEM,02-10-2023,SA,Indian,Male,
55020497,Arun,Prasad,Sreenivasagam,03-03-2015,55020497@americana-food.com,Car Driver With Company Car,055,Y,SYSTEM,25-07-2023,SYSTEM,07-06-2024,SA,Indian,Male,
55020506,Muraleedharan,Partholil,Thankappan,09-03-2015,55020506@americana-food.com,Car Driver With Company Car,055,Y,SYSTEM,13-11-2024,SYSTEM,02-10-2024,SA,Indian,Male,
55020510,Shamsudheen,Anunghamcheri,Methil,09-03-2015,55020510@americana-food.com,Car Driver With Company Car,055,Y,SYSTEM,13-11-2024,SYSTEM,07-06-2024,SA,Indian,Male,
55020522,Ayehb,Bekr,Mohamed,01-03-2015,55020522@americana-food.com,Car Driver With Company Car,055,Y,SYSTEM,02-09-2024,SYSTEM,18-12-2024,SA,Saudi,Male,
55020546,Eric,Dela,Mandoza,12-03-2015,55020546@americana-food.com,Waiter/ess,055,N,SYSTEM,09-07-2024,SYSTEM,11-03-2024,SA,Filipino,Male,
55020554,Fairoz,Cherkatel,Cherkatel,12-03-2015,55020554@americana-food.com,Team Member with Driving License,055,Y,SYSTEM,22-12-2023,SYSTEM,07-06-2024,SA,Indian,Male,
55020555,Wael,,Abdelzaher,11-01-2015,satgi18101@americana-food.com,Restaurant General Manager,055,Y,SYSTEM,30-10-2023,SYSTEM,20-12-2024,SA,Egyptian,Male,
55020656,Mohamed,Ahmed,Ali,10-03-2015,am_55020656@americana-food.com,Shift Supervisor,055,Y,SYSTEM,27-09-2023,SYSTEM,20-12-2024,SA,Indian,Male,
55020658,Niyas,Koya,Kunju,17-03-2015,55020658@americana-food.com,Car Driver With Company Car,055,Y,SYSTEM,26-10-2022,SYSTEM,07-06-2024,SA,Indian,Male,
55020660,Amer,Mohamed,Alsaman,17-03-2015,aelsman@americana-food.com,Area Coach,055,Y,SYSTEM,27-09-2023,SYSTEM,20-12-2024,SA,Egyptian,Male,
55020664,Muhammad,Navas,Koodamangalam,17-03-2015,55020664@americana-food.com,Shift Supervisor,055,Y,SYSTEM,22-08-2023,SYSTEM,21-10-2024,SA,Indian,Male,
55020666,Shameer,Ali,Usman,17-03-2015,55020666@americana-food.com,Car Driver With Company Car,055,Y,SYSTEM,06-03-2023,SYSTEM,07-06-2024,SA,Indian,Male,
55020676,Janssen,Cabanilla,Ragon,18-03-2015,sakfc12111@americana-food.com,Shift Supervisor,055,Y,SYSTEM,06-03-2023,SYSTEM,20-12-2024,SA,Filipino,Male,
55020729,Ryan,Malimata,Adaro,22-03-2015,am_55020729@americana-food.com,Restaurant General Manager,055,Y,SYSTEM,15-03-2023,SYSTEM,20-12-2024,SA,Filipino,Male,
55020818,Ibrahim,Adam,Barnawi,01-03-2015,am_55020818@americana-food.com,Restaurant General Manager,055,Y,SYSTEM,16-03-2023,SYSTEM,20-12-2024,SA,Saudi,Male,
55020860,Eman,Mohammed,Alzrari,22-03-2015,55020860@americana-food.com,Front of The House Supervisor,055,Y,SYSTEM,04-10-2022,SYSTEM,07-06-2024,SA,Yemeni,Female,
55020876,Ali,Magdy,Atalah,26-03-2015,sahrd14724@americana-food.com,Restaurant General Manager,055,Y,SYSTEM,04-10-2022,SYSTEM,20-12-2024,SA,Egyptian,Male,
55020961,Hassan,Sheba,Alhamad,06-04-2015,sakfc12758@americana-food.com,Restaurant General Manager,055,Y,SYSTEM,08-08-2022,SYSTEM,20-12-2024,SA,Egyptian,Male,
55020962,Ahmed,Reda,Ali,07-04-2015,55020962@americana-food.com,Assistant Restaurant Manager,055,Y,SYSTEM,09-08-2022,SYSTEM,04-10-2024,SA,Egyptian,Male,
55021070,Gasem,Mohamed Rady,Boerish,09-03-2015,55021070@americana-food.com,Kitchen Expert,055,Y,SYSTEM,10-08-2022,SYSTEM,07-06-2024,SA,Saudi,Male,
55021114,Ali,Jaman,Alshemrani,01-04-2015,55021114@americana-food.com,Guest Expert,055,Y,SYSTEM,11-08-2022,SYSTEM,07-06-2024,SA,Saudi,Male,
55021143,Ibrahim,Mohammed,Asiri,01-04-2015,55021143@americana-food.com,Guest Expert,055,Y,SYSTEM,12-08-2022,SYSTEM,15-06-2024,SA,Saudi,Male,
55021187,Mobark,Abas,Albarkati,01-04-2015,55021187@americana-food.com,Guest Expert,055,Y,SYSTEM,13-08-2022,SYSTEM,18-12-2024,SA,Saudi,Male,
55021246,Othman,Ahmad,Alsamti,01-04-2015,55021246@americana-food.com,Kitchen Expert,055,Y,SYSTEM,14-08-2022,SYSTEM,07-06-2024,SA,Saudi,Male,
55021420,Mohammed,Fayzal,Fetekadan,12-04-2015,55021420@americana-food.com,Car Driver With Company Car,055,Y,SYSTEM,15-08-2022,SYSTEM,07-06-2024,SA,Indian,Male,
55021421,Jehad,Qasem,Barambil,12-04-2015,55021421@americana-food.com,Bus Driver,055,Y,SYSTEM,16-08-2022,SYSTEM,18-12-2024,SA,Indian,Male,
55120379,MD,Javed,Ansari,12-10-2023,55120379@americana-food.com,Kitchen Expert,055,Y,SYSTEM,17-08-2022,SYSTEM,13-11-2024,SA,Indian,Male,
55120380,Asim,,Ali,16-09-2023,55120380@americana-food.com,Kitchen Expert,055,Y,SYSTEM,18-08-2022,SYSTEM,06-04-2024,SA,Indian,Male,
55120383,Marjorie,Madrazo,Asprin,10-10-2023,55120383@americana-food.com,Shift Supervisor,055,Y,SYSTEM,19-08-2022,SYSTEM,07-12-2024,SA,Filipino,Female,
55120384,Bhabindra,Thapa,Magar,21-09-2023,55120384@americana-food.com,Kitchen Expert,055,Y,SYSTEM,20-08-2022,SYSTEM,06-04-2024,SA,Nepalese,Male,
5513,Ramy,Abdel Salam,Zakaria El Sharkawy,27-06-2003,rabdelsalam@americana-food.com,Employee Services Senior Associate,001,Y,SYSTEM,21-08-2022,SYSTEM,20-12-2024,AE,Egyptian,Male,
5524,Mahmoud Rezk Ahmed,,Abdel Hakim,01-07-2003,5524@americana-food.com,Motorcycle Driver With Company Bike,001,Y,SYSTEM,22-08-2022,SYSTEM,07-06-2024,AE,Egyptian,Male,
5530,Sayed,Hashem,Mohamed,02-07-2003,aepht16704@americana-food.com,Restaurant General Manager,001,Y,SYSTEM,23-08-2022,SYSTEM,20-12-2024,AE,Egyptian,Male,
55337802,Abdelghafar,Ali,Abdelmawgood,22-03-2009,55337802@americana-food.com,Guest Expert,055,Y,SYSTEM,24-08-2022,SYSTEM,07-06-2024,SA,Egyptian,Male,
55338369,Mohamed,Khalef,Elsbeay,31-01-2011,55338369@americana-food.com,Guest Expert,055,Y,SYSTEM,25-08-2022,SYSTEM,18-12-2024,SA,Saudi,Male,
55338684,Mahmoud,Mohamed,Marsal,26-07-2010,mmersal@americana-food.com,Financial Planning & Analysis - Assistant Manager,055,Y,SYSTEM,26-08-2022,SYSTEM,20-12-2024,SA,Egyptian,Male,
55344469,Essam,Abdu Abdulhamid,Ahmed,03-02-2005,eabdou@americana-food.com,IT Team Lead,055,Y,SYSTEM,27-08-2022,SYSTEM,20-12-2024,SA,Egyptian,Male,
5571,Hady Moh'D Rabie Ahmed,Mohamed Rabie Ahmed,Fadlelmola,04-09-2003,5571@americana-food.com,Car Driver With Company Car,001,Y,SYSTEM,28-08-2022,SYSTEM,05-12-2024,AE,Egyptian,Male,
5591,Hussein,Mohamed Hassan,Beshr,19-09-2003,5591@americana-food.com,We Care Agent,001,Y,SYSTEM,29-08-2022,SYSTEM,07-06-2024,AE,Egyptian,Male,
5622,Ahmed,Kamel Mahmoud,Habib,18-10-2003,5622@americana-food.com,Truck Driver - Commissary,001,Y,SYSTEM,30-08-2022,SYSTEM,07-06-2024,AE,Egyptian,Male,
5678,Tarek,Said,Korany,10-11-2003,taly@americana-food.com,Area Coach,001,Y,SYSTEM,31-08-2022,SYSTEM,20-12-2024,AE,Egyptian,Male,
5687,Moh'D,El Sayed,Ahmed Shalaby,10-11-2003,aehrd14801@americana-food.com,Restaurant General Manager,001,Y,SYSTEM,01-09-2022,SYSTEM,20-12-2024,AE,Egyptian,Male,
57000271,Kapil,Kumar,Gupta,01-02-2023,kgupta@americana-food.com,Assistant Manager Talent Acquisition,057,Y,SYSTEM,02-09-2022,SYSTEM,20-12-2024,IN,Indian,Male,9.19911E+11
57000272,Mayank ,,Gupta,01-02-2023,magupta@americana-food.com,Manager - Backend Engineering,057,Y,SYSTEM,03-10-2023,SYSTEM,20-12-2024,IN,Indian,Male,9.1956E+11
57000273,Sagun,,Budhiraja,01-02-2023,sbudhiraja@americana-food.com,Business Analyst,057,Y,SYSTEM,03-10-2023,SYSTEM,20-12-2024,IN,Indian,Male,9.19874E+11
57000276,Kunal,,Bhatt,01-02-2023,kbhatt@americana-food.com,Assistant Manager - Shared Services - Digital OLO,057,Y,SYSTEM,03-10-2023,SYSTEM,20-12-2024,IN,Indian,Male,9.19654E+11
57000277,Lakshmi,,Padmavathy,01-02-2023,lperaiya@americana-food.com,Senior Quality Assurance Engineer,057,Y,SYSTEM,03-10-2023,SYSTEM,20-12-2024,IN,Indian,Female,9.196E+11
57000278,Jose,Manual,Kuriapilly Joseph,01-02-2023,jjoseph@americana-food.com,Senior Quality Assurance Engineer,057,Y,SYSTEM,03-10-2023,SYSTEM,20-12-2024,IN,Indian,Male,9.19746E+11
57000279,Saliha,,Jamal,01-02-2023,sjamal@americana-food.com,Senior Quality Assurance Engineer,057,Y,SYSTEM,03-10-2023,SYSTEM,20-12-2024,IN,Indian,Female,9.18849E+11
57000280,Vishal,,Thakur,01-02-2023,vthakur@americana-food.com,Digital Manager - Tech Ops,057,Y,SYSTEM,04-10-2023,SYSTEM,20-12-2024,IN,Indian,Male,9.188E+11
57000281,Norin,,Singla,01-02-2023,nsingla@americana-food.com,Assistant Manager - Backend Engineering,057,N,SYSTEM,05-10-2023,SYSTEM,28-10-2024,IN,Indian,Female,9.19034E+11
57000282,Lakshay,,Virmani,01-02-2023,lvirmani@americana-food.com,Associate Product Manager,057,Y,SYSTEM,06-10-2023,SYSTEM,20-12-2024,IN,Indian,Male,9.1875E+11
57000283,Ayush,,Agarwal,01-02-2023,aagarwal@americana-food.com,Associate - Project Management,057,Y,SYSTEM,07-10-2023,SYSTEM,20-12-2024,IN,Indian,Male,9.1828E+11
11028977,Mahmoud Elamir,,Abdellah Soliman,16-09-2023,11028977@americana-food.com,Truck Driver,011,Y,SYSTEM,08-10-2023,SYSTEM,13-08-2024,KW,Egyptian,Male,
11028978,Ashour Abdelrahman,,Mahmoud Moustafa,01-10-2023,11028978@americana-food.com,Truck Driver,011,Y,SYSTEM,09-10-2023,SYSTEM,13-08-2024,KW,Egyptian,Male,
11028979,Zia Ullah Khan,,Abdu Matin Khan,01-10-2023,11028979@americana-food.com,Truck Driver,011,Y,SYSTEM,10-10-2023,SYSTEM,14-08-2024,KW,Pakistani,Male,
11028980,Gouhar Abdelhamid,,Ali Ahmed,01-10-2023,11028980@americana-food.com,Truck Driver,011,Y,SYSTEM,11-10-2023,SYSTEM,14-08-2024,KW,Egyptian,Male,
11028981,Anshu,,Danuwar,19-09-2023,11028981@americana-food.com,Team Member,011,Y,SYSTEM,12-10-2023,SYSTEM,28-10-2024,KW,Nepalese,Female,
11028982,Ashmita,,Rasaili,19-09-2023,11028982@americana-food.com,Team Member,011,Y,SYSTEM,13-10-2023,SYSTEM,14-10-2024,KW,Nepalese,Female,
11028983,Bhawana,,Bishwakarma,19-09-2023,kwnull710064@americana-food.com,Team Member - Commissary,011,Y,SYSTEM,04-07-2023,SYSTEM,20-12-2024,KW,Nepalese,Female,
11028984,Kamala,,Bhattarai,19-09-2023,11028984@americana-food.com,Busser,011,Y,SYSTEM,04-07-2023,SYSTEM,17-10-2024,KW,Nepalese,Female,
11028985,Lila,,Bhujuwar,19-09-2023,11028985@americana-food.com,Team Member,011,Y,SYSTEM,03-10-2023,SYSTEM,13-08-2024,KW,Nepalese,Female,
11028986,Manisha,,Rai,19-09-2023,11028986@americana-food.com,Team Member,011,Y,SYSTEM,04-07-2023,SYSTEM,07-06-2024,KW,Nepalese,Female,
11028987,Mital,,Negi,19-09-2023,11028987@americana-food.com,Team Member,011,Y,SYSTEM,05-07-2023,SYSTEM,24-11-2024,KW,Nepalese,Female,
11028988,Ranjita,,Thapa,19-09-2023,11028988@americana-food.com,Team Member,011,Y,SYSTEM,06-07-2023,SYSTEM,07-06-2024,KW,Nepalese,Female,
11028989,Reshma,,Tamang,19-09-2023,11028989@americana-food.com,Team Member,011,Y,SYSTEM,07-07-2023,SYSTEM,13-08-2024,KW,Nepalese,Female,
11028990,Roshika,,Rai,19-09-2023,11028990@americana-food.com,Team Member,011,Y,SYSTEM,08-07-2023,SYSTEM,07-06-2024,KW,Nepalese,Female,
11028991,Sabina,,Sunuwar,19-09-2023,11028991@americana-food.com,Guest Expert,011,Y,SYSTEM,09-07-2023,SYSTEM,03-09-2024,KW,Nepalese,Female,
11028993,Sarita,,Gole Lama,19-09-2023,11028993@americana-food.com,Guest Expert,011,Y,SYSTEM,10-07-2023,SYSTEM,10-09-2024,KW,Nepalese,Female,
11028994,Sarita,,Shahi,19-09-2023,11028994@americana-food.com,Team Member,011,Y,SYSTEM,11-07-2023,SYSTEM,28-07-2024,KW,Nepalese,Female,
11028995,Srijana,,Limbu,19-09-2023,11028995@americana-food.com,Team Member,011,Y,SYSTEM,12-07-2023,SYSTEM,06-11-2024,KW,Nepalese,Female,
11028996,Sukmaya,,Okhabo Limbu,19-09-2023,11028996@americana-food.com,Team Member,011,Y,SYSTEM,13-07-2023,SYSTEM,27-10-2024,KW,Nepalese,Female,
11028997,Sunita,,Limbu,19-09-2023,11028997@americana-food.com,Team Member,011,Y,SYSTEM,14-07-2023,SYSTEM,06-11-2024,KW,Nepalese,Female,
11028998,Lachi,,Maya Bista,25-09-2023,11028998@americana-food.com,Team Member,011,Y,SYSTEM,15-07-2023,SYSTEM,06-04-2024,KW,Bhutanese,Female,
11028999,Rabita,,Karki,25-09-2023,11028999@americana-food.com,Team Member,011,Y,SYSTEM,16-07-2023,SYSTEM,23-05-2024,KW,Bhutanese,Female,
11029000,Sangay,,Sangmo,25-09-2023,11029000@americana-food.com,Team Member,011,Y,SYSTEM,17-07-2023,SYSTEM,03-10-2024,KW,Bhutanese,Female,
11029001,Kezang,,Choki,25-09-2023,11029001@americana-food.com,Team Member,011,Y,SYSTEM,18-07-2023,SYSTEM,18-09-2024,KW,Bhutanese,Female,
11029003,Ugyen,,Yangzom,25-09-2023,11029003@americana-food.com,Team Member,011,Y,SYSTEM,19-07-2023,SYSTEM,12-10-2024,KW,Bhutanese,Female,
11029004,Santa,,Maya Rai,25-09-2023,11029004@americana-food.com,Team Member,011,Y,SYSTEM,20-07-2023,SYSTEM,06-04-2024,KW,Bhutanese,Female,
11029005,Nar,,Maya Bal,25-09-2023,11029005@americana-food.com,Team Member,011,Y,SYSTEM,21-07-2023,SYSTEM,06-04-2024,KW,Bhutanese,Female,
11029007,Deepa,,Gurung,25-09-2023,11029007@americana-food.com,Team Member,011,Y,SYSTEM,22-07-2023,SYSTEM,21-10-2024,KW,Bhutanese,Female,
11029008,Srijana,,Gurung,25-09-2023,11029008@americana-food.com,Team Member,011,Y,SYSTEM,04-07-2023,SYSTEM,08-07-2024,KW,Bhutanese,Female,
11029009,Sapna,,Subba,25-09-2023,11029009@americana-food.com,Team Member,011,Y,SYSTEM,04-07-2023,SYSTEM,21-10-2024,KW,Bhutanese,Female,
15007179,Leomar,Arcino,Olchondra,20-11-2021,qahrd14714@americana-food.com,Restaurant General Manager,005,Y,SYSTEM,05-07-2023,SYSTEM,20-12-2024,QA,Filipino,Male,
15007180,Adelfa,Caisip,Sese,21-11-2021,15007180@americana-food.com,Host/ess,005,N,SYSTEM,06-07-2023,SYSTEM,02-10-2023,QA,Filipino,Female,
15007181,Ginalyn,Vasquez,Odi,21-11-2021,15007181@americana-food.com,Waiter/ess,005,N,SYSTEM,04-07-2023,SYSTEM,02-10-2023,QA,Filipino,Female,
15007184,Prakash,,Shrestha,02-12-2021,15007184@americana-food.com,Motorcycle Driver With Company Bike,005,Y,SYSTEM,04-07-2023,SYSTEM,22-08-2024,QA,Nepalese,Male,
15007186,Anish,,Ghimire,02-12-2021,15007186@americana-food.com,Motorcycle Driver With Company Bike,005,Y,SYSTEM,05-07-2023,SYSTEM,07-06-2024,QA,Nepalese,Male,
15007187,Bharat,,B K,02-12-2021,15007187@americana-food.com,Motorcycle Driver With Company Bike,005,Y,SYSTEM,06-07-2023,SYSTEM,16-08-2024,QA,Nepalese,Male,
15007189,Binod,,Gurung,02-12-2021,15007189@americana-food.com,Car Driver With Company Car,005,Y,SYSTEM,07-07-2023,SYSTEM,22-08-2024,QA,Nepalese,Male,
15007190,Kamal,Bahadur,Darji,02-12-2021,15007190@americana-food.com,Motorcycle Driver With Company Bike,005,Y,SYSTEM,04-07-2023,SYSTEM,07-06-2024,QA,Nepalese,Male,
15007191,Khem,Bahadur,B K,02-12-2021,15007191@americana-food.com,Motorcycle Driver With Company Bike,005,Y,SYSTEM,05-07-2023,SYSTEM,22-08-2024,QA,Nepalese,Male,
15007192,Kiran,,Katuwal,02-12-2021,15007192@americana-food.com,Motorcycle Driver With Company Bike,005,Y,SYSTEM,04-07-2023,SYSTEM,16-08-2024,QA,Nepalese,Male,
15007194,Mukesh,Kumar,Thakur,02-12-2021,15007194@americana-food.com,Motorcycle Driver With Company Bike,005,Y,SYSTEM,05-07-2023,SYSTEM,22-08-2024,QA,Nepalese,Male,
15007195,Raj,Kumar,Tharu,02-12-2021,15007195@americana-food.com,Motorcycle Driver With Company Bike,005,Y,SYSTEM,04-07-2023,SYSTEM,25-08-2024,QA,Nepalese,Male,
15007196,Durga,Prasad,Bhattarai,02-12-2021,15007196@americana-food.com,Motorcycle Driver With Company Bike,005,Y,SYSTEM,18-10-2024,SYSTEM,04-12-2024,QA,Nepalese,Male,
15007197,Ashok,Thapa,Magar,02-12-2021,15007197@americana-food.com,Car Driver With Company Car,005,Y,SYSTEM,04-07-2023,SYSTEM,07-06-2024,QA,Nepalese,Male,
15007198,Joshua,Onsomu,Bogonko,07-12-2021,15007198@americana-food.com,Kitchen Expert,005,Y,SYSTEM,18-10-2024,SYSTEM,18-12-2024,QA,Kenyan,Male,
15007199,Peter,Ngonde,Njoroge,07-12-2021,15007199@americana-food.com,Kitchen Expert,005,N,SYSTEM,19-10-2024,SYSTEM,02-10-2023,QA,Kenyan,Female,
15007202,Austin,Onyango,Ochieng,08-12-2021,15007202@americana-food.com,Kitchen Expert,005,N,SYSTEM,23-07-2024,SYSTEM,31-03-2024,QA,Kenyan,Male,
15007203,Fandon,Kiplagat,Kemboi,07-12-2021,15007203@americana-food.com,Kitchen Expert,005,N,SYSTEM,14-03-2024,SYSTEM,02-10-2023,QA,Kenyan,Male,
15007204,Anthony,Murage,Thumi,07-12-2021,15007204@americana-food.com,Kitchen Expert,005,Y,SYSTEM,22-12-2023,SYSTEM,07-06-2024,QA,Kenyan,Male,
15007208,Elly,Mukhuwa,Sigari,07-12-2021,15007208@americana-food.com,Kitchen Expert,005,Y,SYSTEM,22-12-2023,SYSTEM,10-08-2024,QA,Kenyan,Male,
15007209,Elvis,Mwangi,Murimi,07-12-2021,15007209@americana-food.com,Kitchen Expert,005,Y,SYSTEM,22-12-2023,SYSTEM,07-06-2024,QA,Kenyan,Male,
15007210,Erick,,Murithi,07-12-2021,15007210@americana-food.com,Kitchen Expert,005,Y,SYSTEM,04-07-2023,SYSTEM,18-12-2024,QA,Kenyan,Male,
15007211,James,Nyanchoka,Onyambu,07-12-2021,15007211@americana-food.com,Kitchen Expert,005,Y,SYSTEM,03-10-2023,SYSTEM,07-06-2024,QA,Kenyan,Male,
15007213,Joseph,Kimeria,Kungu,07-12-2021,15007213@americana-food.com,Kitchen Expert,005,N,SYSTEM,02-08-2022,SYSTEM,31-03-2024,QA,Kenyan,Male,
15007215,Kelvin,Kimani,Irungu,07-12-2021,15007215@americana-food.com,Kitchen Expert,005,Y,SYSTEM,03-10-2023,SYSTEM,19-06-2024,QA,Kenyan,Male,
15007216,Nelson,Mwatika,Mwalukuku,07-12-2021,15007216@americana-food.com,Kitchen Expert,005,Y,SYSTEM,04-10-2023,SYSTEM,22-08-2024,QA,Kenyan,Male,
15007217,Pius,Kariuki,Mburu,07-12-2021,15007217@americana-food.com,Kitchen Expert,005,Y,SYSTEM,05-10-2023,SYSTEM,07-06-2024,QA,Kenyan,Male,
15007218,Sammy,,Tito,07-12-2021,15007218@americana-food.com,Team Member,005,Y,SYSTEM,03-10-2023,SYSTEM,15-07-2024,QA,Kenyan,Male,
15007219,Stanley,Mwaura,Ngugi,07-12-2021,15007219@americana-food.com,Kitchen Expert,005,N,SYSTEM,04-10-2023,SYSTEM,02-10-2023,QA,Kenyan,Male,
15007220,Kevin,Ruoro,Ngugi,07-12-2021,15007220@americana-food.com,Kitchen Expert,005,Y,SYSTEM,03-10-2023,SYSTEM,09-10-2024,QA,Kenyan,Male,
11026369,Antarvedi,,Sunkara,16-02-2022,11026369@americana-food.com,Guest Expert,011,Y,SYSTEM,03-10-2023,SYSTEM,16-02-2024,KW,Indian,Male,
11026370,Dinesh,,Dudi,16-02-2022,kwwmp11830@americana-food.com,Shift Supervisor,011,Y,SYSTEM,03-10-2023,SYSTEM,20-12-2024,KW,Indian,Male,
11026371,Vara Prasad,,Pedapudi,16-02-2022,11026371@americana-food.com,Team Member,011,Y,SYSTEM,03-10-2023,SYSTEM,24-10-2024,KW,Indian,Male,
11026373,Sai Phani Krishna,,Bikina,16-02-2022,11026373@americana-food.com,Hospitality Staff,011,Y,SYSTEM,04-10-2023,SYSTEM,15-02-2024,KW,Indian,Male,
11026374,Durga Naga Raju,,Nallakula,16-02-2022,11026374@americana-food.com,Guest Expert,011,Y,SYSTEM,05-10-2023,SYSTEM,28-10-2024,KW,Indian,Male,
11026375,Ome Sairam,,Jonnala,16-02-2022,11026375@americana-food.com,Team Member,011,Y,SYSTEM,03-10-2023,SYSTEM,07-06-2024,KW,Indian,Male,
11026376,Bhoomesh,,Baggali,16-02-2022,11026376@americana-food.com,Waiter/ess,011,Y,SYSTEM,04-10-2023,SYSTEM,18-09-2024,KW,Indian,Male,
11026377,Ashok,,Suramalla,16-02-2022,11026377@americana-food.com,Hospitality Staff,011,Y,SYSTEM,03-10-2023,SYSTEM,07-06-2024,KW,Indian,Male,
11026378,Ravi,,Kauldhar,15-02-2022,kwkk19800@americana-food.com,Shift Supervisor,011,Y,SYSTEM,04-10-2023,SYSTEM,20-12-2024,KW,Indian,Male,
11026380,Rajat,,Kumar,15-02-2022,11026380@americana-food.com,Team Member,011,Y,SYSTEM,05-10-2023,SYSTEM,28-10-2024,KW,Indian,Male,
11026381,Ravinder Singh,,Singh,15-02-2022,kwkk19736@americana-food.com,Team Member,011,Y,SYSTEM,06-10-2023,SYSTEM,20-12-2024,KW,Indian,Male,
11026382,Sunil,,Kumar,15-02-2022,kwkk19872@americana-food.com,Guest Expert,011,Y,SYSTEM,07-10-2023,SYSTEM,20-12-2024,KW,Indian,Male,
11026384,Deepak Kumar,,Kumar,15-02-2022,kwbsk22729@americana-food.com,Team Member,011,Y,SYSTEM,08-10-2023,SYSTEM,20-12-2024,KW,Indian,Male,
11026385,Harmeet,,Singh,15-02-2022,11026385@americana-food.com,Team Member,011,Y,SYSTEM,09-10-2023,SYSTEM,07-06-2024,KW,Indian,Male,
11026386,Ankur,,Ankur,15-02-2022,kwbsk22832@americana-food.com,Shift Supervisor,011,Y,SYSTEM,10-10-2023,SYSTEM,20-12-2024,KW,Indian,Male,
11026388,Suresh,,Kukkala,25-02-2022,11026388@americana-food.com,Team Member,011,N,SYSTEM,11-10-2023,SYSTEM,02-10-2023,KW,Indian,Male,
11026390,Suresh,,Kavala,25-02-2022,11026390@americana-food.com,Team Member,011,Y,SYSTEM,12-10-2023,SYSTEM,07-07-2024,KW,Indian,Male,
11026391,Ayyappa,,Kola,25-02-2022,11026391@americana-food.com,Team Member,011,Y,SYSTEM,03-10-2023,SYSTEM,07-06-2024,KW,Indian,Male,
11026392,Sasi Kumar,,Chituri,25-02-2022,11026392@americana-food.com,Team Member,011,Y,SYSTEM,28-12-2023,SYSTEM,14-10-2024,KW,Indian,Male,
11026393,Rajesh,,Yerramsetti,25-02-2022,11026393@americana-food.com,Team Member,011,Y,SYSTEM,29-12-2023,SYSTEM,23-11-2024,KW,Indian,Male,
11026394,Siva Naga Raju,,Lanka,25-02-2022,11026394@americana-food.com,Team Member,011,Y,SYSTEM,03-10-2023,SYSTEM,11-08-2024,KW,Indian,Male,
11026396,Venkanna Babu,,Yadavalli,25-02-2022,11026396@americana-food.com,Shift Supervisor,011,Y,SYSTEM,04-10-2023,SYSTEM,18-12-2024,KW,Indian,Male,
11026399,Talemwa,,Benjamin,14-02-2022,11026399@americana-food.com,Team Member,011,Y,SYSTEM,28-12-2023,SYSTEM,14-10-2024,KW,Ugandan,Male,
11026400,Faisal,,Bukenya,10-03-2022,11026400@americana-food.com,Team Member,011,Y,SYSTEM,03-10-2023,SYSTEM,07-06-2024,KW,Ugandan,Male,
11026401,Kimera,,Geofrey,14-02-2022,11026401@americana-food.com,Team Member,011,N,SYSTEM,28-12-2023,SYSTEM,07-06-2024,KW,Ugandan,Male,
11026402,Asiraf Kizza,,Mutalya,14-02-2022,11026402@americana-food.com,Team Member,011,Y,SYSTEM,29-12-2023,SYSTEM,07-06-2024,KW,Ugandan,Male,
11026403,Livingston,,Lubagasira,14-02-2022,11026403@americana-food.com,Team Member,011,Y,SYSTEM,03-10-2023,SYSTEM,13-02-2024,KW,Ugandan,Male,
11026368,Durga Rao,,Yalamadurthi,16-02-2022,11026368@americana-food.com,Shift Supervisor,011,Y,SYSTEM,04-10-2023,SYSTEM,17-11-2024,KW,Indian,Male,
11026404,Dineesh,,Ethangadu,17-02-2022,11026404@americana-food.com,Kitchen Supervisor,011,Y,SYSTEM,05-10-2023,SYSTEM,23-10-2024,KW,Indian,Male,
17692,Mamun,Late,Abdur Razzak,07-03-2012,17692@americana-food.com,Kitchen Expert,001,Y,SYSTEM,03-07-2024,SYSTEM,07-06-2024,AE,Bangladeshi,Male,
17694,Mohammed,Alam Husan,Ehara Mohamed Taher,07-03-2012,17694@americana-food.com,Shift Supervisor,001,Y,SYSTEM,04-07-2024,SYSTEM,07-06-2024,AE,Bangladeshi,Male,
17696,Ahmed,Mohamed,Maher,08-03-2012,ammaher@americana-food.com,Head of Construction,001,Y,SYSTEM,03-10-2023,SYSTEM,20-12-2024,AE,Egyptian,Male,
17704,Lorreine,Cabanes,Estoce,11-03-2012,17704@americana-food.com,Shift Supervisor - Commissary,001,N,SYSTEM,28-12-2023,SYSTEM,27-03-2024,AE,Filipino,Female,
17709,Joana Lyn,Santos,Blanca,11-03-2012,aepht16841@americana-food.com,Restaurant General Manager,001,Y,SYSTEM,28-12-2023,SYSTEM,20-12-2024,AE,Filipino,Female,
17750,Muhammad,Shakeeb,Khan,21-03-2012,17750@americana-food.com,Team Member - Commissary,001,Y,SYSTEM,03-10-2023,SYSTEM,07-06-2024,AE,Pakistani,Male,
17752,Nilo,Guanzon,Lachica,22-03-2012,aekfc12122@americana-food.com,Restaurant General Manager,001,Y,SYSTEM,04-07-2023,SYSTEM,20-12-2024,AE,Filipino,Male,
17754,Arlin,Ganacial,Ayeras,22-03-2012,17754@americana-food.com,Guest Expert,001,Y,SYSTEM,04-07-2023,SYSTEM,07-06-2024,AE,Filipino,Female,
17759,Rowena,Sapid,Terec,22-03-2012,aewmp11733@americana-food.com,Restaurant General Manager,001,Y,SYSTEM,28-12-2023,SYSTEM,20-12-2024,AE,Filipino,Female,
17782,Ibrahim Shoukat,,Bastwad,26-03-2012,17782@americana-food.com,Hospitality Staff,001,Y,SYSTEM,03-10-2023,SYSTEM,07-06-2024,AE,Indian,Male,
17788,Azharul,,Islam,31-03-2012,aekfc12129@americana-food.com,Restaurant General Manager,001,Y,SYSTEM,03-10-2023,SYSTEM,20-12-2024,AE,Bangladeshi,Male,
17796,Md Alim,,Uddin,31-03-2012,am_17796@americana-food.com,Restaurant General Manager,001,Y,SYSTEM,28-12-2023,SYSTEM,20-12-2024,AE,Bangladeshi,Male,
17798,Murshed,Miah,Rashid Miah,31-03-2012,17798@americana-food.com,Motorcycle Driver With Company Bike,001,Y,SYSTEM,04-07-2023,SYSTEM,07-08-2024,AE,Bangladeshi,Male,
17800,Saidul,Isalm,Chan,31-03-2012,am_17800@americana-food.com,Assistant Restaurant Manager,001,Y,SYSTEM,03-10-2023,SYSTEM,20-12-2024,AE,Bangladeshi,Male,
17811,Rose,Ann,Sismundo,04-04-2012,E00117811,Restaurant General Manager,001,N,SYSTEM,28-12-2023,SYSTEM,04-04-2024,AE,Filipino,Female,
17815,Md Muksudur,,Rahman,09-04-2012,17815@americana-food.com,Kitchen Expert,001,Y,SYSTEM,04-07-2023,SYSTEM,07-06-2024,AE,Bangladeshi,Male,
17817,Pratap,Sarker,Nirod,09-04-2012,17817@americana-food.com,Kitchen Expert,001,Y,SYSTEM,03-10-2023,SYSTEM,20-06-2024,AE,Bangladeshi,Male,
17817,Pratap,Sarker,Nirod,09-04-2012,17817@americana-food.com,Kitchen Expert,001,Y,SYSTEM,28-12-2023,SYSTEM,20-06-2024,AE,Bangladeshi,Male,
17828,Saif,Islam,Onik,09-04-2012,aekfc12958@americana-food.com,Assistant Restaurant Manager,001,Y,SYSTEM,28-12-2023,SYSTEM,20-12-2024,AE,Bangladeshi,Male,
17831,Boni,,Amin,09-04-2012,17831@americana-food.com,Assistant Restaurant Manager,001,Y,SYSTEM,28-12-2023,SYSTEM,14-10-2024,AE,Bangladeshi,Male,
17832,Arif,,Molla,09-04-2012,17832@americana-food.com,Dispatcher,001,Y,SYSTEM,04-07-2023,SYSTEM,07-06-2024,AE,Bangladeshi,Male,
17834,Abdur,,Rob,09-04-2012,17834@americana-food.com,Shift Supervisor,001,Y,SYSTEM,03-10-2023,SYSTEM,16-06-2024,AE,Bangladeshi,Male,
17837,Mohameed,Firozul Alam Mohammed,Fazlul,09-04-2012,17837@americana-food.com,Motorcycle Driver With Company Bike,001,Y,SYSTEM,03-10-2023,SYSTEM,07-06-2024,AE,Bangladeshi,Male,
17838,Abdullah Al,,Mumin,09-04-2012,17838@americana-food.com,Motorcycle Driver With Company Bike,001,Y,SYSTEM,03-10-2023,SYSTEM,05-12-2024,AE,Bangladeshi,Male,
17839,Imran,,Hossain,09-04-2012,17839@americana-food.com,Shift Supervisor,001,N,SYSTEM,03-10-2023,SYSTEM,18-11-2024,AE,Bangladeshi,Male,
17842,Mohammed Mizanur Rahman,,Mizu,09-04-2012,17842@americana-food.com,Motorcycle Driver With Company Bike,001,N,SYSTEM,03-10-2023,SYSTEM,02-10-2024,AE,Bangladeshi,Male,
17845,Shahjubaer,Abdullah,Shah,09-04-2012,17845@americana-food.com,Shift Supervisor,001,Y,SYSTEM,03-10-2023,SYSTEM,07-06-2024,AE,Bangladeshi,Male,
17848,Md.Nayem,,Khan,09-04-2012,17848@americana-food.com,Shift Supervisor,001,Y,SYSTEM,03-10-2023,SYSTEM,07-06-2024,AE,Bangladeshi,Male,
17853,Imran,Hossain,Shajahan,14-04-2012,am_17853@americana-food.com,Assistant Restaurant Manager,001,Y,SYSTEM,03-10-2023,SYSTEM,20-12-2024,AE,Bangladeshi,Male,9.71569E+11
32985,Ravi Teja,Kuntal,Rajeshwar Kuntal,26-11-2019,32985@americana-food.com,Motorcycle Driver With Company Bike,001,Y,SYSTEM,03-10-2023,SYSTEM,07-06-2024,AE,Indian,Male,
32986,Mohamed Mahmoud,Abdelbadea,Abdelmomem Ataalla,26-11-2019,32986@americana-food.com,Motorcycle Driver With Company Bike,001,Y,SYSTEM,03-10-2023,SYSTEM,18-11-2024,AE,Egyptian,Male,
32989,Elsayed Moustafa,Hamed,Ahmed,26-11-2019,32989@americana-food.com,Motorcycle Driver With Company Bike,001,Y,SYSTEM,03-10-2023,SYSTEM,07-08-2024,AE,Egyptian,Male,
32990,Abdelmohsen Hassanein,Elsayed,Hassanein Mohamed,26-11-2019,32990@americana-food.com,Motorcycle Driver With Company Bike,001,Y,SYSTEM,03-10-2023,SYSTEM,07-06-2024,AE,Egyptian,Male,
32999,Abdalla,Mohamed Aly,Elmeligy,26-11-2019,32999@americana-food.com,Motorcycle Driver With Company Bike,001,Y,SYSTEM,03-10-2023,SYSTEM,07-06-2024,AE,Egyptian,Male,
3300,Abdul Salam,,Poochakad,27-01-1999,3300@americana-food.com,Team Member - Commissary,001,Y,SYSTEM,03-10-2023,SYSTEM,07-06-2024,AE,Indian,Male,
33001,Hamed Mohamed,Shaker Hamed,Mohamed Eltabakh,26-11-2019,33001@americana-food.com,Motorcycle Driver With Company Bike,001,Y,SYSTEM,03-10-2023,SYSTEM,07-06-2024,AE,Egyptian,Male,
33001,Hamed Mohamed,Shaker Hamed,Mohamed Eltabakh,26-11-2019,33001@americana-food.com,Motorcycle Driver With Company Bike,001,Y,SYSTEM,03-10-2023,SYSTEM,07-06-2024,AE,Egyptian,Male,
33006,Jatinder Kumar,,Sohan Lal,26-11-2019,33006@americana-food.com,Motorcycle Driver With Company Bike,001,Y,SYSTEM,03-10-2023,SYSTEM,07-06-2024,AE,Indian,Male,
33008,Jalandhar,Kallem,Kallem Kishan,26-11-2019,33008@americana-food.com,Motorcycle Driver With Company Bike,001,Y,SYSTEM,03-10-2023,SYSTEM,07-06-2024,AE,Indian,Male,
33012,Mehboob,Khan Muhammad,Khan,26-11-2019,33012@americana-food.com,Kitchen Expert,001,Y,SYSTEM,03-10-2023,SYSTEM,07-06-2024,AE,Pakistani,Male,
33013,Muhammad Riaz,Sarwar Muhammad,Sarwar,26-11-2019,33013@americana-food.com,Motorcycle Driver With Company Bike,001,Y,SYSTEM,03-10-2023,SYSTEM,05-12-2024,AE,Pakistani,Male,
33068,Shahein,Salah Shahein,Mohamed Fathalla,11-12-2019,33068@americana-food.com,Motorcycle Driver With Company Bike,001,Y,SYSTEM,03-10-2023,SYSTEM,22-07-2024,AE,Egyptian,Male,
33069,Mohamed,Yasser Fathi,Elsaid Ibrahim,11-12-2019,32622@americana-food.com,Shift Supervisor,001,Y,SYSTEM,03-10-2023,SYSTEM,07-06-2024,AE,Egyptian,Male,
33074,Miranda Awoh,,Bakeh,11-12-2019,33074@americana-food.com,Guest Expert,001,Y,SYSTEM,03-10-2023,SYSTEM,12-06-2024,AE,Cameroonian,Female,
33076,Madhukar,Mukesh Kumar Srivastava,Srivastava,11-12-2019,aepht16989@americana-food.com,Restaurant General Manager,001,Y,SYSTEM,03-10-2023,SYSTEM,20-12-2024,AE,Indian,Male,
15008146,Esther,Wanjiru,Waruimbo,06-05-2023,15008146@americana-food.com,Kitchen Expert,005,Y,SYSTEM,03-10-2023,SYSTEM,07-06-2024,QA,Kenyan,Female,
15008147,Millicent,Mukuhi,Mwangi,06-05-2023,15008147@americana-food.com,Shift Supervisor,005,Y,SYSTEM,03-10-2023,SYSTEM,18-12-2024,QA,Kenyan,Female,
15008148,Susan,Waithira,Wambui,06-05-2023,15008148@americana-food.com,Kitchen Expert,005,Y,SYSTEM,03-10-2023,SYSTEM,07-06-2024,QA,Kenyan,Female,
15008149,Susan,Njeri,Mathenge,06-05-2023,15008149@americana-food.com,Kitchen Expert,005,Y,SYSTEM,03-10-2023,SYSTEM,22-07-2024,QA,Kenyan,Female,
15008150,Evaline,Wanjiku,Nduta,06-05-2023,15008150@americana-food.com,Kitchen Expert,005,Y,SYSTEM,03-10-2023,SYSTEM,12-06-2024,QA,Kenyan,Female,
15008151,Babra,,Jepchumba,06-05-2023,15008151@americana-food.com,Kitchen Expert,005,Y,SYSTEM,03-10-2023,SYSTEM,18-11-2024,QA,Kenyan,Female,
15008152,Emily,Nguta,Kinyua,06-05-2023,15008152@americana-food.com,Kitchen Expert,005,Y,SYSTEM,03-10-2023,SYSTEM,12-06-2024,QA,Kenyan,Female,
15008153,Florence,Muthoni,Njari,06-05-2023,15008153@americana-food.com,Kitchen Expert,005,Y,SYSTEM,03-10-2023,SYSTEM,12-06-2024,QA,Kenyan,Female,
15008154,Jackline,Muthoni,Kimotho,06-05-2023,15008154@americana-food.com,Kitchen Expert,005,Y,SYSTEM,03-10-2023,SYSTEM,09-10-2024,QA,Kenyan,Female,
15008155,Jane,Mumbi,Njoroge,06-05-2023,15008155@americana-food.com,Kitchen Expert,005,Y,SYSTEM,03-10-2023,SYSTEM,07-06-2024,QA,Kenyan,Female,
15008157,Vivian,Moraa,Nyakundi,06-05-2023,15008157@americana-food.com,Kitchen Expert,005,Y,SYSTEM,03-10-2023,SYSTEM,21-10-2024,QA,Kenyan,Female,
15008158,Manoj,Manohar,Talekar,07-05-2023,mtalekar@americana-food.com,Senior Accountant,005,Y,SYSTEM,03-10-2023,SYSTEM,20-12-2024,QA,Indian,Male,
15008160,Khawar,Ehtisham,Hassan,08-05-2023,15008160@americana-food.com,Kitchen Expert,005,Y,SYSTEM,03-10-2023,SYSTEM,07-06-2024,QA,Pakistani,Male,
15008163,Nikhil,Sarki,Sarki,10-05-2023,15008163@americana-food.com,Kitchen Expert,005,N,SYSTEM,03-10-2023,SYSTEM,15-05-2024,QA,Indian,Male,
15008164,Pujan,Chhetri,Chhetri,10-05-2023,15008164@americana-food.com,Kitchen Expert,005,Y,SYSTEM,03-10-2023,SYSTEM,22-08-2024,QA,Indian,Male,
15008165,Gurachand,Mondal,Mondal,10-05-2023,15008165@americana-food.com,Kitchen Expert,005,N,SYSTEM,03-10-2023,SYSTEM,20-04-2024,QA,Indian,Male,
15008166,Mohammad,Tajmul,Islam,10-05-2023,15008166@americana-food.com,Kitchen Expert,005,Y,SYSTEM,03-10-2023,SYSTEM,07-06-2024,QA,Indian,Male,
15008167,Md,Ebran,Nasim,10-05-2023,15008167@americana-food.com,Kitchen Expert,005,Y,SYSTEM,03-10-2023,SYSTEM,18-12-2024,QA,Indian,Male,
15008168,Shabbir,Ahmed,Mansur,10-05-2023,15008168@americana-food.com,Kitchen Expert,005,Y,SYSTEM,03-10-2023,SYSTEM,22-07-2024,QA,Indian,Male,
15008169,Waseem,,Sharif,11-05-2023,15008169@americana-food.com,Shift Supervisor,005,Y,SYSTEM,03-10-2023,SYSTEM,15-10-2024,QA,Sri Lankan,Male,
15008170,Lingeswaran,,Balachandran,11-05-2023,15008170@americana-food.com,Kitchen Expert,005,Y,SYSTEM,03-10-2023,SYSTEM,07-06-2024,QA,Sri Lankan,Male,
15008171,Losekanthan,,Kokulavasan,11-05-2023,15008171@americana-food.com,Kitchen Expert,005,N,SYSTEM,03-10-2023,SYSTEM,31-05-2024,QA,Sri Lankan,Male,
15008172,Mahamed,Saajith Mohamed,Subair,11-05-2023,15008172@americana-food.com,Kitchen Expert,005,Y,SYSTEM,03-10-2023,SYSTEM,21-10-2024,QA,Sri Lankan,Male,
15008173,Mohamed,Hanan,Jinna,11-05-2023,15008173@americana-food.com,Kitchen Expert,005,Y,SYSTEM,03-10-2023,SYSTEM,07-06-2024,QA,Sri Lankan,Male,
15008174,Mohamed,Mohideen Arshaq,Samadu,11-05-2023,15008174@americana-food.com,Kitchen Expert,005,Y,SYSTEM,03-10-2023,SYSTEM,07-06-2024,QA,Sri Lankan,Male,
15008175,Samith,Thilina Madushanka,Don,11-05-2023,15008175@americana-food.com,Kitchen Expert,005,Y,SYSTEM,03-10-2023,SYSTEM,07-12-2024,QA,Sri Lankan,Male,
15008176,Buddika,Palal,Hewaage,11-05-2023,15008176@americana-food.com,Kitchen Expert,005,Y,SYSTEM,03-10-2023,SYSTEM,07-06-2024,QA,Sri Lankan,Male,
40391,Yasser,Mohamed Dahab,Abdelbasset,02-08-2022,40391@americana-food.com,Motorcycle Driver With Company Bike,001,Y,SYSTEM,03-10-2023,SYSTEM,21-09-2024,AE,Egyptian,Male,9.71522E+11
40392,Mohamed,Shawky Shehata,Gad,02-08-2022,40392@americana-food.com,Motorcycle Driver With Company Bike,001,Y,SYSTEM,03-10-2023,SYSTEM,07-06-2024,AE,Egyptian,Male,9.71507E+11
40393,Walid,Ramadan Radwan,Mohamed,02-08-2022,40393@americana-food.com,Kitchen Expert,001,Y,SYSTEM,03-10-2023,SYSTEM,07-06-2024,AE,Egyptian,Male,9.71526E+11
40394,Ahmed,Nagi Abdelfattah,Mohamed Elfadaly,02-08-2022,40394@americana-food.com,Kitchen Expert,001,Y,SYSTEM,03-10-2023,SYSTEM,07-06-2024,AE,Egyptian,Male,9.71527E+11
40395,Abdul Zabbar,,MD Sukurullah Ansari,02-08-2022,40395@americana-food.com,Motorcycle Driver With Company Bike,001,Y,SYSTEM,03-10-2023,SYSTEM,03-12-2024,AE,Indian,Male,9.71548E+11
40396,Manish Kumar,,Chauhan,02-08-2022,40396@americana-food.com,Motorcycle Driver With Company Bike,001,Y,SYSTEM,03-10-2023,SYSTEM,07-06-2024,AE,Indian,Male,
40397,Gautam,Bhola Yadav,Yadav,02-08-2022,40397@americana-food.com,Motorcycle Driver With Company Bike,001,Y,SYSTEM,03-10-2023,SYSTEM,07-06-2024,AE,Indian,Male,9.71558E+11
40398,Ajesh Kumar,Thupran Kodakkat,Kodakkat,02-08-2022,40398@americana-food.com,Motorcycle Driver With Company Bike,001,Y,SYSTEM,03-10-2023,SYSTEM,18-12-2024,AE,Indian,Male,
40399,Pardeep Kumar,,Roop Lol,02-08-2022,40399@americana-food.com,Motorcycle Driver With Company Bike,001,Y,SYSTEM,03-10-2023,SYSTEM,07-08-2024,AE,Indian,Male,9.71542E+11
40401,Syed Zohaib,Syed Muhammad Ahmad,Hassan,02-08-2022,40401@americana-food.com,Motorcycle Driver With Company Bike,001,Y,SYSTEM,03-10-2023,SYSTEM,06-11-2024,AE,Pakistani,Male,9.71588E+11
40404,Numan,Saeed Mahmood,Saeed,02-08-2022,40404@americana-food.com,Motorcycle Driver With Company Bike,001,Y,SYSTEM,03-10-2023,SYSTEM,07-06-2024,AE,Pakistani,Male,9.71562E+11
40405,Waleed,Saeed Ahmad,Saeed,02-08-2022,40405@americana-food.com,Motorcycle Driver With Company Bike,001,Y,SYSTEM,03-10-2023,SYSTEM,07-06-2024,AE,Pakistani,Male,9.71582E+11
40406,Muhammad Muzamil,Shahid Raza Butt,Butt,02-08-2022,40406@americana-food.com,Motorcycle Driver With Company Bike,001,Y,SYSTEM,03-10-2023,SYSTEM,07-06-2024,AE,Pakistani,Male,9.71566E+11
40407,Shehroz ,Idrees Ullah,Idrees,02-08-2022,40407@americana-food.com,Motorcycle Driver With Company Bike,001,Y,SYSTEM,03-10-2023,SYSTEM,07-12-2024,AE,Pakistani,Male,9.71589E+11
40408,MD Majid Miah,,MD Monayem,03-08-2022,40408@americana-food.com,Motorcycle Driver With Company Bike,001,Y,SYSTEM,03-10-2023,SYSTEM,02-10-2024,AE,Bangladeshi,Male,9.7151E+11
40409,Mohammad Amdadul Haque,,Mohammad Hasem,03-08-2022,40409@americana-food.com,Motorcycle Driver With Company Bike,001,Y,SYSTEM,03-10-2023,SYSTEM,07-06-2024,AE,Bangladeshi,Male,9.71565E+11
40410,MD Zamil Ahmed,,Rofique Uddin,03-08-2022,40410@americana-food.com,Motorcycle Driver With Company Bike,001,Y,SYSTEM,03-10-2023,SYSTEM,07-06-2024,AE,Bangladeshi,Male,9.71581E+11
40411,Mohammad Parvez,,Mohammad Siraj,03-08-2022,40411@americana-food.com,Motorcycle Driver With Company Bike,001,Y,SYSTEM,03-10-2023,SYSTEM,07-06-2024,AE,Bangladeshi,Male,9.7156E+11
40414,Ahmed,Ibrahim Abdelmordy,Radwan,03-08-2022,40414@americana-food.com,Motorcycle Driver With Company Bike,001,Y,SYSTEM,03-10-2023,SYSTEM,07-06-2024,AE,Egyptian,Male,9.71552E+11
40415,Ahmed,Hamed Ahmed,Mahmoud,03-08-2022,40415@americana-food.com,Motorcycle Driver With Company Bike,001,Y,SYSTEM,03-10-2023,SYSTEM,22-08-2024,AE,Egyptian,Male,9.71508E+11
40416,Prince,Prem Nath Sharma,Kaushik,03-08-2022,40416@americana-food.com,Motorcycle Driver With Company Bike,001,Y,SYSTEM,03-10-2023,SYSTEM,07-06-2024,AE,Indian,Male,9.71569E+11
40418,Srikanth,Gangaram Manglaram,Manglaram,03-08-2022,40418@americana-food.com,Motorcycle Driver With Company Bike,001,Y,SYSTEM,03-10-2023,SYSTEM,02-07-2024,AE,Indian,Male,9.71583E+11
40419,SK Baharuddin,,SK Kamaluddin Ahmed,03-08-2022,40419@americana-food.com,Motorcycle Driver With Company Bike,001,Y,SYSTEM,03-10-2023,SYSTEM,21-06-2024,AE,Indian,Male,9.71563E+11
40420,Shah,Talib Hussain,Muhammad,03-08-2022,40420@americana-food.com,Motorcycle Driver With Company Bike,001,Y,SYSTEM,03-10-2023,SYSTEM,03-07-2024,AE,Pakistani,Male,9.71564E+11
40423,Muhammad,Abdul Rasheed,Noman,03-08-2022,40423@americana-food.com,Motorcycle Driver With Company Bike,001,Y,SYSTEM,04-10-2023,SYSTEM,07-06-2024,AE,Pakistani,Male,9.71568E+11
40425,Jonel,Furio,Fuentes,27-07-2022,40425@americana-food.com,Kitchen Expert,001,Y,SYSTEM,05-10-2023,SYSTEM,07-06-2024,AE,Filipino,Male,9.71162E+11
30994,Mitwalli,Adel Mitwalli Elsayed,Adel Mitwalli Elsayed Ele,11-11-2018,30994@americana-food.com,Motorcycle Driver With Company Bike,001,Y,SYSTEM,06-10-2023,SYSTEM,07-06-2024,AE,Egyptian,Male,
30996,Ben Rico,Angeles,Angeles Santiago,11-11-2018,aekk21811@americana-food.com,Shift Supervisor,001,Y,SYSTEM,07-10-2023,SYSTEM,20-12-2024,AE,Filipino,Male,
30999,Isaiah Mbuh,,Chita,11-11-2018,30999@americana-food.com,Shift Supervisor,001,Y,SYSTEM,08-10-2023,SYSTEM,04-07-2024,AE,Cameroonian,Male,
31005,Lepcy,Obliga,Obliga Patriarca,11-11-2018,31005@americana-food.com,Shift Supervisor,001,Y,SYSTEM,09-10-2023,SYSTEM,18-11-2024,AE,Filipino,Female,
31011,Najaf,Ali Safdar,Ali Safdar Ali,13-11-2018,31011@americana-food.com,Motorcycle Driver With Company Bike,001,Y,SYSTEM,03-10-2023,SYSTEM,18-12-2024,AE,Pakistani,Male,
31013,Mohamed,Gamal Aly,Gamal Aly Mohamed,14-11-2018,31013@americana-food.com,Motorcycle Driver With Company Bike,001,Y,SYSTEM,03-10-2023,SYSTEM,05-12-2024,AE,Egyptian,Male,
31014,Ahmed,Ismail Ahmed Ali,Ismail Ahmed Ali Mahdy,14-11-2018,am_31014@americana-food.com,Shift Supervisor,001,Y,SYSTEM,04-10-2023,SYSTEM,20-12-2024,AE,Egyptian,Male,
31018,Mohamed,Ghazy Abdelgaid,Ghazy Abdelgaid Abdellati,14-11-2018,31018@americana-food.com,Assistant Restaurant Manager,001,Y,SYSTEM,05-10-2023,SYSTEM,07-06-2024,AE,Egyptian,Male,
31020,Abdalla,Gamal Abdelbaki,Gamal Abdelbaki Abdelkade,14-11-2018,31020@americana-food.com,Motorcycle Driver With Company Bike,001,Y,SYSTEM,06-10-2023,SYSTEM,07-12-2024,AE,Egyptian,Male,
31032,Shahbaz,Abdul Sattar,Abdul Sattar Ali,21-11-2018,31032@americana-food.com,Motorcycle Driver With Company Bike,001,Y,SYSTEM,27-12-2023,SYSTEM,12-06-2024,AE,Pakistani,Male,
31034,Arslan,Muhammad Mustafa,Muhammad Mustafa Mustafa,21-11-2018,31034@americana-food.com,Motorcycle Driver With Company Bike,001,Y,SYSTEM,28-12-2023,SYSTEM,07-06-2024,AE,Pakistani,Male,
31035,Said,Mahmoud Mohamed,Mahmoud Mohamed Elkhayary,22-11-2018,aekk21813@americana-food.com,Shift Supervisor,001,Y,SYSTEM,03-10-2023,SYSTEM,20-12-2024,AE,Egyptian,Male,
31043,Jamal,Ahmed,Maqbool,01-12-2018,31043@americana-food.com,Motorcycle Driver With Company Bike,001,Y,SYSTEM,03-10-2023,SYSTEM,14-06-2024,AE,Pakistani,Male,
31046,Dushant,Baldev Prashad Shukla,Shukla,04-12-2018,31046@americana-food.com,Motorcycle Driver With Company Bike,001,Y,SYSTEM,03-10-2023,SYSTEM,29-08-2024,AE,Indian,Male,
31049,Ramandeep Singh,Madan,Virdi,05-12-2018,rvirdi@americana-food.com,Chief Information Officer,001,Y,SYSTEM,03-10-2023,SYSTEM,20-12-2024,AE,Indian,Male,9.71509E+11
31055,Malik,Muhammad Feroz,Shamroz,06-12-2018,31055@americana-food.com,Motorcycle Driver With Company Bike,001,Y,SYSTEM,03-10-2023,SYSTEM,26-08-2024,AE,Pakistani,Male,
31057,Amr,Ahmed Abdelaziz,Ahmed,09-12-2018,31057@americana-food.com,Car Driver With Company Car,001,Y,SYSTEM,03-10-2023,SYSTEM,28-08-2024,AE,Egyptian,Male,
31058,Albin,John Menachery Antony,John,10-12-2018,31058@americana-food.com,Shift Supervisor,001,Y,SYSTEM,03-10-2023,SYSTEM,24-07-2024,AE,Indian,Male,
31062,Islam,Elsayed Abdelghafer,Elhmmady Asaker,10-12-2018,31062@americana-food.com,Kitchen Expert,001,Y,SYSTEM,03-10-2023,SYSTEM,18-12-2024,AE,Egyptian,Male,
31063,Himanshu,Rakesh,Malhotra,10-12-2018,hmalhotra@americana-food.com,Financial Planning & Analysis - Director,001,Y,SYSTEM,03-10-2023,SYSTEM,20-12-2024,AE,Indian,Male,
31073,Mohamed Asik,,Kamarudeen,18-12-2018,31073@americana-food.com,Guest Expert,001,Y,SYSTEM,03-10-2023,SYSTEM,07-06-2024,AE,Indian,Male,
3108,Ayub,,Cherukandiyil,17-08-1998,3108@americana-food.com,Motorcycle Driver With Company Bike,001,Y,SYSTEM,04-10-2023,SYSTEM,21-08-2024,AE,Indian,Male,
30882,Nathaniel Jr.,Tajon,Martinez,25-10-2018,30882@americana-food.com,Shift Supervisor,001,N,SYSTEM,03-10-2023,SYSTEM,23-05-2024,AE,Filipino,Male,
30883,Rezen,,Mallari,25-10-2018,30883@americana-food.com,Shift Supervisor,001,Y,SYSTEM,03-10-2023,SYSTEM,07-06-2024,AE,Filipino,Female,
30889,Nestle,Sagarino,Enanoria,25-10-2018,30889@americana-food.com,Shift Supervisor,001,Y,SYSTEM,03-10-2023,SYSTEM,09-10-2024,AE,Filipino,Female,
30895,Carmencita,Rabanes,Jabeniao,25-10-2018,30895@americana-food.com,Assistant Restaurant Manager,001,Y,SYSTEM,03-10-2023,SYSTEM,20-09-2024,AE,Filipino,Female,
30987,Wakilat Olabisi,,Folami,11-11-2018,30987@americana-food.com,Guest Expert,001,N,SYSTEM,15-11-2023,SYSTEM,02-10-2023,AE,Nigerian,Female,
31082,Mohamed,Barakat Meawen,Metawe,23-12-2018,31082@americana-food.com,Motorcycle Driver With Company Bike,001,Y,SYSTEM,03-10-2023,SYSTEM,07-06-2024,AE,Egyptian,Male,
31083,Abdullah,Muhammad Anwar Javaid,Saqib,23-12-2018,31083@americana-food.com,Motorcycle Driver With Company Bike,001,Y,SYSTEM,03-10-2023,SYSTEM,07-06-2024,AE,Pakistani,Male,
31088,Ahmed,Maged Ibrahim,Eldreny,02-01-2019,31088@americana-food.com,Waiter/ess,001,Y,SYSTEM,03-10-2023,SYSTEM,07-06-2024,AE,Egyptian,Male,
31090,Ayman,Khalaf,Ali,03-01-2019,31090@americana-food.com,Motorcycle Driver With Company Bike,001,Y,SYSTEM,03-10-2023,SYSTEM,07-06-2024,AE,Egyptian,Male,
31091,Farwa,Khawaja Shahid Hussain,Shahid,06-01-2019,aekfc12844@americana-food.com,Restaurant General Manager,001,Y,SYSTEM,04-10-2023,SYSTEM,20-12-2024,AE,Pakistani,Female,
31092,Mira Issam,,Tabikh,06-01-2019,mtabikh@americana-food.com,Paralegal,001,Y,SYSTEM,03-10-2023,SYSTEM,20-12-2024,AE,American,Female,
31094,Linda Bih,Bih,Chi Linda Bih,08-01-2019,aekk21990@americana-food.com,Guest Expert,001,Y,SYSTEM,03-10-2023,SYSTEM,20-12-2024,AE,Cameroonian,Female,9.71555E+11
31099,Mahmoud,Adel Kamal Mohamed,Elsharkawy,08-01-2019,am_31099@americana-food.com,Assistant Restaurant Manager,001,Y,SYSTEM,03-10-2023,SYSTEM,20-12-2024,AE,Egyptian,Male,
31102,Amr,Reda Mohamed,Hassanein,08-01-2019,31102@americana-food.com,Team Member,001,Y,SYSTEM,03-10-2023,SYSTEM,21-06-2024,AE,Egyptian,Male,
31108,Raafat,Shehta Raafat Ali,Selim,08-01-2019,31108@americana-food.com,Motorcycle Driver With Company Bike,001,Y,SYSTEM,04-07-2023,SYSTEM,07-12-2024,AE,Egyptian,Male,
31114,Omar,Mohamed Saad,Abdelsalam,08-01-2019,31114@americana-food.com,Motorcycle Driver With Company Bike,001,Y,SYSTEM,03-10-2023,SYSTEM,18-12-2024,AE,Egyptian,Male,
31118,Mostafa,Saber Thabet,Maged,08-01-2019,31118@americana-food.com,Shift Supervisor,001,Y,SYSTEM,03-10-2023,SYSTEM,07-06-2024,AE,Egyptian,Male,
31137,Alne,Guianan,Lastica,08-01-2019,31137@americana-food.com,Waiter/ess,001,Y,SYSTEM,03-10-2023,SYSTEM,07-06-2024,AE,Filipino,Female,6.3995E+11
31149,Yvonne Chi,,Ngo Nguidjol,10-01-2019,31149@americana-food.com,Guest Expert,001,Y,SYSTEM,03-10-2023,SYSTEM,07-06-2024,AE,Cameroonian,Female,
31150,Abdelrahman,Youssef Abdelrahman,Abdelrahman Elazab,10-01-2019,aekfc12153@americana-food.com,Assistant Restaurant Manager,001,Y,SYSTEM,03-10-2023,SYSTEM,20-12-2024,AE,Egyptian,Male,
31151,Basel,Fathi Abdelhakim Mohamed,Nassan,10-01-2019,31151@americana-food.com,Motorcycle Driver With Company Bike,001,Y,SYSTEM,04-10-2023,SYSTEM,07-06-2024,AE,Egyptian,Male,
31152,Hassan,Sakr Mahmoud,Sakr,10-01-2019,31152@americana-food.com,Shift Supervisor,001,Y,SYSTEM,03-10-2023,SYSTEM,20-09-2024,AE,Egyptian,Male,
31153,Mohamed,Ahmed,Anwar,10-01-2019,31153@americana-food.com,Shift Supervisor,001,Y,SYSTEM,03-10-2023,SYSTEM,19-12-2024,AE,Egyptian,Male,
31154,Mokhtar,Abdelhamid Abdelaal,Tammam,10-01-2019,31154@americana-food.com,Motorcycle Driver With Company Bike,001,Y,SYSTEM,03-10-2023,SYSTEM,29-08-2024,AE,Egyptian,Male,
31159,Rafique Ahmad,Khalil Ahmad,Sharif,10-01-2019,aetgi18711@americana-food.com,Assistant Restaurant Manager,001,Y,SYSTEM,03-10-2023,SYSTEM,20-12-2024,AE,Indian,Male,
31179,Yasir,Khan Muhammad Farooq,Farooq,16-01-2019,31179@americana-food.com,Shift Supervisor,001,Y,SYSTEM,03-10-2023,SYSTEM,07-06-2024,AE,Pakistani,Male,
31182,Mary Rose,Marabe,Espiritu,20-01-2019,aekfc12136@americana-food.com,Restaurant General Manager,001,Y,SYSTEM,03-10-2023,SYSTEM,20-12-2024,AE,Filipino,Female,
11026587,Bed Prasad,,Sarki,16-03-2022,11026587@americana-food.com,Team Member,011,Y,SYSTEM,03-10-2023,SYSTEM,15-10-2024,KW,Nepalese,Male,
11026588,Alby,,Agustine,23-03-2022,11026588@americana-food.com,Team Member,011,N,SYSTEM,03-10-2023,SYSTEM,22-03-2024,KW,Indian,Male,
11026589,Siddique,,Yakoob,23-03-2022,11026589@americana-food.com,Team Member,011,Y,SYSTEM,03-10-2023,SYSTEM,07-07-2024,KW,Indian,Male,
11026591,Akhil,,Suresh,23-03-2022,11026591@americana-food.com,Team Member,011,Y,SYSTEM,03-10-2023,SYSTEM,28-02-2024,KW,Indian,Male,
11026592,Tharik,,Thajudheen,23-03-2022,11026592@americana-food.com,Team Member,011,Y,SYSTEM,04-10-2023,SYSTEM,14-10-2024,KW,Indian,Male,
11026593,Muhammed,,Ijas,23-03-2022,11026593@americana-food.com,Team Member,011,Y,SYSTEM,03-10-2023,SYSTEM,07-06-2024,KW,Indian,Male,
11026594,Adarsh,,Asokan,23-03-2022,11026594@americana-food.com,Team Member,011,Y,SYSTEM,03-10-2023,SYSTEM,28-02-2024,KW,Indian,Male,
11026595,Sijo Neerankiyil,,Mathew,23-03-2022,11026595@americana-food.com,Team Member,011,N,SYSTEM,03-10-2023,SYSTEM,12-03-2024,KW,Indian,Male,
11026596,Muhammad,,Mubarak,23-03-2022,11026596@americana-food.com,Shift Supervisor,011,Y,SYSTEM,03-10-2023,SYSTEM,24-10-2024,KW,Indian,Male,
11026597,Naresh,,Tharimugala,23-03-2022,11026597@americana-food.com,Team Member,011,Y,SYSTEM,03-10-2023,SYSTEM,30-11-2024,KW,Indian,Male,
11026601,Rakesh,,Noothipelly,23-03-2022,11026601@americana-food.com,Team Member,011,Y,SYSTEM,03-10-2023,SYSTEM,07-06-2024,KW,Indian,Male,
11026603,Sagar,,Kummari,23-03-2022,11026603@americana-food.com,Team Member,011,Y,SYSTEM,04-10-2023,SYSTEM,23-10-2024,KW,Indian,Male,
11026604,Imran Pasha,,Mohammed,23-03-2022,11026604@americana-food.com,Team Member,011,Y,SYSTEM,03-10-2023,SYSTEM,27-10-2024,KW,Indian,Male,
11026606,Ashok Muthanna,,Pallikonda,20-03-2022,11026606@americana-food.com,Team Member,011,N,SYSTEM,03-10-2023,SYSTEM,04-01-2024,KW,Indian,Male,
11026607,Pankaj,,Dhungana,18-03-2022,11026607@americana-food.com,Team Member,011,Y,SYSTEM,03-10-2023,SYSTEM,12-10-2024,KW,Nepalese,Male,
11026610,Pradip Kumar,,Sing Khawas,18-03-2022,11026610@americana-food.com,Team Member,011,Y,SYSTEM,03-10-2023,SYSTEM,07-06-2024,KW,Nepalese,Male,
11026611,Tek Bahadur,,Dhimal,23-03-2022,11026611@americana-food.com,Team Member,011,Y,SYSTEM,03-10-2023,SYSTEM,11-06-2024,KW,Nepalese,Male,
11026612,Rem Bahadur,,Somai,18-03-2022,11026612@americana-food.com,Team Member,011,Y,SYSTEM,03-10-2023,SYSTEM,07-06-2024,KW,Nepalese,Male,
11026613,Bishal,,Neupane,18-03-2022,11026613@americana-food.com,Team Member,011,Y,SYSTEM,03-10-2023,SYSTEM,12-10-2024,KW,Nepalese,Male,
11026614,Nandalal,,Rajbanshi,18-03-2022,11026614@americana-food.com,Team Member,011,Y,SYSTEM,04-10-2023,SYSTEM,07-06-2024,KW,Nepalese,Male,
11026615,Nagendra,,Rajbanshi,18-03-2022,11026615@americana-food.com,Shift Supervisor,011,Y,SYSTEM,03-10-2023,SYSTEM,18-12-2024,KW,Nepalese,Male,
11026616,Santosh Bahadur,,Bhattrai,18-03-2022,11026616@americana-food.com,Team Member,011,N,SYSTEM,03-10-2023,SYSTEM,17-03-2024,KW,Nepalese,Male,
11026617,Prakash,,Banjade,18-03-2022,11026617@americana-food.com,Team Member,011,Y,SYSTEM,03-10-2023,SYSTEM,07-06-2024,KW,Nepalese,Male,
11026618,Binod,,Pandey,18-03-2022,11026618@americana-food.com,Team Member,011,Y,SYSTEM,03-10-2023,SYSTEM,23-06-2024,KW,Nepalese,Male,
11026619,Kamal,,Sunar,18-03-2022,11026619@americana-food.com,Team Member,011,Y,SYSTEM,04-07-2023,SYSTEM,18-09-2024,KW,Nepalese,Male,
11026620,Rudra Prasad,,Dhakal,18-03-2022,11026620@americana-food.com,Team Member,011,N,SYSTEM,03-10-2023,SYSTEM,28-03-2024,KW,Nepalese,Male,
11026621,Shaktiman,,Rajbanshi,18-03-2022,11026621@americana-food.com,Team Member,011,Y,SYSTEM,04-07-2023,SYSTEM,07-06-2024,KW,Nepalese,Male,
55117385,Yam,,Gurung,25-05-2022,55117385@americana-food.com,Busser,055,Y,SYSTEM,03-10-2023,SYSTEM,31-01-2024,SA,Nepalese,Male,
55117387,Mohammad,Shahin,Mia,27-05-2022,55117387@americana-food.com,Kitchen Expert,055,Y,SYSTEM,03-10-2023,SYSTEM,06-04-2024,SA,Bangladeshi,Male,
55117392,Murad,Miah,Sukkur,16-05-2022,55117392@americana-food.com,Kitchen Expert,055,Y,SYSTEM,03-10-2023,SYSTEM,06-04-2024,SA,Bangladeshi,Male,
55117397,Md,Jamshed,Andari?,03-06-2022,55117397@americana-food.com,Kitchen Expert,055,Y,SYSTEM,03-10-2023,SYSTEM,18-05-2024,SA,Indian,Male,
55117400,Jahirul,,Islam,01-06-2022,55117400@americana-food.com,Kitchen Expert,055,Y,SYSTEM,03-10-2023,SYSTEM,17-05-2024,SA,Bangladeshi,Male,
55117407,Tausim,,Khan,02-06-2022,55117407@americana-food.com,Kitchen Expert,055,Y,SYSTEM,03-10-2023,SYSTEM,11-11-2024,SA,Indian,Male,
55117415,Alfaz,Abu Siddik,Mondal,14-06-2022,55117415@americana-food.com,Kitchen Expert,055,Y,SYSTEM,03-10-2023,SYSTEM,06-04-2024,SA,Indian,Male,
55117416,Sahibul,Latib,Sekh,23-06-2022,55117416@americana-food.com,Kitchen Expert,055,Y,SYSTEM,03-10-2023,SYSTEM,06-04-2024,SA,Indian,Male,
55117417,Rasidul,Mulak,Sk,23-06-2022,55117417@americana-food.com,Kitchen Expert,055,Y,SYSTEM,03-10-2023,SYSTEM,07-11-2024,SA,Indian,Male,
55117418,Mahammad,Sonarul,Sekh,23-06-2022,55117418@americana-food.com,Kitchen Expert,055,Y,SYSTEM,03-10-2023,SYSTEM,26-08-2024,SA,Indian,Male,
55117423,Mohammad,Adnan Mohammad,Arshad,23-06-2022,55117423@americana-food.com,Shift Supervisor,055,Y,SYSTEM,03-10-2023,SYSTEM,05-12-2024,SA,Indian,Male,
55117424,Mohammad,Azad Mohammad,Suleman,23-06-2022,55117424@americana-food.com,Kitchen Expert,055,Y,SYSTEM,03-10-2023,SYSTEM,06-04-2024,SA,Indian,Male,
55117425,Samim,Hossain,Molla,23-06-2022,55117425@americana-food.com,Kitchen Expert,055,Y,SYSTEM,03-10-2023,SYSTEM,11-11-2024,SA,Indian,Male,
55117426,Sameer,Khan Safeek,Khan,23-06-2022,55117426@americana-food.com,Shift Supervisor,055,Y,SYSTEM,30-10-2023,SYSTEM,14-11-2024,SA,Indian,Male,
55117427,Rajbul,Shaikh Rahamatulla,Shaikh,23-06-2022,55117427@americana-food.com,Kitchen Expert,055,Y,SYSTEM,03-10-2023,SYSTEM,07-06-2024,SA,Indian,Male,
55117428,Mohammad,Saif Mohammad Gulam,Ansari,23-06-2022,55117428@americana-food.com,Kitchen Expert,055,Y,SYSTEM,03-10-2023,SYSTEM,07-06-2024,SA,Indian,Male,
55117429,Seraj,Alam Mohammad,Shaid,23-06-2022,55117429@americana-food.com,Kitchen Expert,055,Y,SYSTEM,03-10-2023,SYSTEM,14-11-2024,SA,Indian,Male,
55117431,Mohammad,Ghufran Mohd,Suleman,23-06-2022,55117431@americana-food.com,Kitchen Expert,055,Y,SYSTEM,04-07-2023,SYSTEM,06-04-2024,SA,Indian,Male,
55117433,Lal,Chand Ganga,Prasad,29-06-2022,55117433@americana-food.com,Kitchen Expert,055,Y,SYSTEM,03-10-2023,SYSTEM,06-04-2024,SA,Indian,Male,
17958,Mohammad,Hasan,Raju,01-05-2012,17958@americana-food.com,Assistant Restaurant Manager,001,Y,SYSTEM,03-10-2023,SYSTEM,18-12-2024,AE,Bangladeshi,Male,
17959,Nahidul,Islam,Abdul Aziz Aziz,01-05-2012,17959@americana-food.com,Motorcycle Driver With Company Bike,001,Y,SYSTEM,03-10-2023,SYSTEM,07-06-2024,AE,Bangladeshi,Male,
17963,Ranjit,Barua,Khokan,01-05-2012,17963@americana-food.com,Kitchen Expert,001,Y,SYSTEM,03-10-2023,SYSTEM,07-06-2024,AE,Bangladeshi,Male,
17964,Aiyub Khan,,Jalal Ahmed,01-05-2012,17964@americana-food.com,Shift Supervisor,001,Y,SYSTEM,03-10-2023,SYSTEM,24-08-2024,AE,Bangladeshi,Male,
17969,Md.Momdel,,Hossain,01-05-2012,17969@americana-food.com,Motorcycle Driver With Company Bike,001,Y,SYSTEM,03-10-2023,SYSTEM,07-06-2024,AE,Bangladeshi,Male,
17971,Tariqul,Islam,Islam,01-05-2012,17971@americana-food.com,Motorcycle Driver With Company Bike,001,Y,SYSTEM,28-12-2023,SYSTEM,07-06-2024,AE,Bangladeshi,Male,
17972,Rania,Abdelmoneam,Mohamed,05-05-2012,ramohamed@americana-food.com,IT Associate,001,Y,SYSTEM,04-07-2023,SYSTEM,20-12-2024,AE,Egyptian,Female,9.71503E+11
17976,Mohammad,Raif,Khan,07-05-2012,17976@americana-food.com,Assistant Restaurant Manager,001,Y,SYSTEM,03-10-2023,SYSTEM,08-10-2024,AE,Bangladeshi,Male,
17977,Mohammad,Sharifuzzaman,Sharifuzzaman,07-05-2012,aekfc12927@americana-food.com,Assistant Restaurant Manager,001,Y,SYSTEM,29-12-2023,SYSTEM,20-12-2024,AE,Bangladeshi,Male,
17978,Abdul,,Kader Ali,07-05-2012,17978@americana-food.com,Motorcycle Driver With Company Bike,001,Y,SYSTEM,03-10-2023,SYSTEM,07-06-2024,AE,Bangladeshi,Male,
17980,Pavel,Mia,Mia,07-05-2012,17980@americana-food.com,Motorcycle Driver With Company Bike,001,Y,SYSTEM,03-10-2023,SYSTEM,07-06-2024,AE,Bangladeshi,Male,
17983,Ali,,Ahmed,07-05-2012,aepht16708@americana-food.com,Restaurant General Manager,001,Y,SYSTEM,03-10-2023,SYSTEM,20-12-2024,AE,Bangladeshi,Male,
17985,Sujon,Farazi,Farazi,07-05-2012,17985@americana-food.com,Motorcycle Driver With Company Bike,001,Y,SYSTEM,04-07-2023,SYSTEM,07-06-2024,AE,Bangladeshi,Male,
17990,Mohammed,Asif Uzzaman,Mohamed Asraf,07-05-2012,17990@americana-food.com,Assistant Restaurant Manager,001,Y,SYSTEM,03-10-2023,SYSTEM,07-08-2024,AE,Bangladeshi,Male,
17993,Ohaid,Uddin Mahamood,Mohammad Sohid Ulla,07-05-2012,17993@americana-food.com,Kitchen Expert,001,Y,SYSTEM,03-10-2023,SYSTEM,07-06-2024,AE,Bangladeshi,Male,
18000104,Riyas,Anchillath,Kuthirummal,02-06-1994,rkuthirummal@americana-food.com,Logistics Coordinator,008,Y,SYSTEM,04-07-2023,SYSTEM,20-12-2024,BH,Indian,Male,
18000861,Mustafa,Suruj,Miah,17-10-2004,18000861@americana-food.com,Kitchen Expert,008,Y,SYSTEM,02-10-2022,SYSTEM,07-06-2024,BH,Bangladeshi,Male,
18000873,Charina,Quedding,Manuel,17-10-2004,18000873@americana-food.com,Guest Expert,008,Y,SYSTEM,28-12-2023,SYSTEM,07-06-2024,BH,Filipino,Female,
18000875,Catherine,Karimi,Mburugu,17-10-2004,bhpht16713@americana-food.com,Restaurant General Manager,008,Y,SYSTEM,03-10-2023,SYSTEM,20-12-2024,BH,Kenyan,Female,
18000876,Joseph,Franklin,John,17-10-2004,18000876@americana-food.com,Car Driver With Company Car,008,Y,SYSTEM,02-10-2022,SYSTEM,07-06-2024,BH,Sri Lankan,Male,
18000880,Hanif,Miah,Suruj,17-10-2004,18000880@americana-food.com,Kitchen Expert,008,Y,SYSTEM,04-07-2023,SYSTEM,07-06-2024,BH,Bangladeshi,Male,
18000896,Vilson,Kollannoor,Baby,17-10-2004,18000896@americana-food.com,Motorcycle Driver With Company Bike,008,Y,SYSTEM,03-10-2023,SYSTEM,07-06-2024,BH,Indian,Male,
18000913,Shaheen,Ahammed,Ali,17-10-2004,18000913@americana-food.com,Kitchen Expert,008,N,SYSTEM,28-12-2023,SYSTEM,02-10-2023,BH,Bangladeshi,Male,
18000920,Swapan,Kumar,Ramesh,17-10-2004,18000920@americana-food.com,Kitchen Expert,008,Y,SYSTEM,29-12-2023,SYSTEM,07-06-2024,BH,Bangladeshi,Male,
18001062,Siefeldin,Ashour,Aly,17-02-2005,bhpht16727@americana-food.com,Restaurant General Manager,008,Y,SYSTEM,02-10-2022,SYSTEM,20-12-2024,BH,Egyptian,Male,
18001075,Jalal,Ahmed,Shajahan,01-03-2005,18001075@americana-food.com,Motorcycle Driver With Company Bike,008,Y,SYSTEM,04-07-2023,SYSTEM,07-06-2024,BH,Bangladeshi,Male,
15901166,Rafee,,Razeedh,01-06-2023,15901166@americana-food.com,Part Time Delivery Driver,005,N,SYSTEM,02-10-2022,SYSTEM,02-10-2023,QA,Sri Lankan,Male,
15901167,Rajun,,Sheikh,01-06-2023,15901167@americana-food.com,Part Time Delivery Driver,005,N,SYSTEM,03-10-2022,SYSTEM,02-10-2023,QA,Bangladeshi,Male,
15901189,Mostafa,,Abdul,01-06-2023,15901189@americana-food.com,Part Time Delivery Driver,005,N,SYSTEM,03-10-2023,SYSTEM,09-01-2024,QA,Indian,Male,
15901190,Haider,,Mehedi,01-06-2023,15901190@americana-food.com,Part Time Delivery Driver,005,N,SYSTEM,28-12-2023,SYSTEM,09-01-2024,QA,Nepalese,Male,
15901203,Asharaful,,Mobin,01-06-2023,15901203@americana-food.com,Kitchen Expert,005,N,SYSTEM,18-03-2024,SYSTEM,02-10-2023,QA,Indian,Female,
15901213,Yawer,Rashid,Parray,01-06-2023,15901213@americana-food.com,Kitchen Expert,005,N,SYSTEM,04-07-2023,SYSTEM,02-10-2023,QA,Indian,Male,
15901216,Isaac,,Mutyabule,01-06-2023,15901216@americana-food.com,Kitchen Expert,005,N,SYSTEM,04-07-2023,SYSTEM,02-10-2023,QA,Ugandan,Female,
15901220,Sunil,,Ramlohar,01-06-2023,15901220@americana-food.com,Kitchen Expert,005,N,SYSTEM,04-07-2023,SYSTEM,02-10-2023,QA,Nepalese,Male,
15901221,Susan,,Mumbi,01-06-2023,15901221@americana-food.com,Kitchen Expert,005,N,SYSTEM,04-07-2023,SYSTEM,02-10-2023,QA,Kenyan,Male,
15901222,Sunil,,Kumar,01-06-2023,15901222@americana-food.com,Kitchen Expert,005,N,SYSTEM,05-07-2023,SYSTEM,02-10-2023,QA,Nepalese,Male,
15901230,Mohamed,Yaseen,Dar,01-08-2023,15901230@americana-food.com,Kitchen Expert - Commissary,005,Y,SYSTEM,28-12-2023,SYSTEM,07-06-2024,QA,,,
